movieId,title,genres,year,rating,num_ratings,popularity,overview,poster_url,keywords
1242898,Predator: Strefa zagrożenia (2025),Action|Sci-Fi|Adventure,2025,7.8,1488,420.25,"Wygnany ze swojego klanu, obcy łowca i jego nieoczekiwany sojusznik wyruszają w niebezpieczną podróż w poszukiwaniu największego przeciwnika.",https://image.tmdb.org/t/p/w500/zzlCI1DKmnhx4jRL3vLiNkDK9qp.jpg,
1242501,Icefall (2025),Action|Crime|Thriller,2025,6.58,83,291.76,,https://image.tmdb.org/t/p/w500/5Byv6nznAb2Izd0gHpODOXnuSbo.jpg,
1306368,Łup (2026),Action|Thriller|Crime|Drama|Mystery,2026,7.12,278,291.28,"Gdy grupa policjantów z Miami znajduje w zapuszczonej melinie miliony dolarów, wzajemne zaufanie wyparowuje, a zasady i przyjaźnie stają pod znakiem zapytania.",https://image.tmdb.org/t/p/w500/p4bW2sJKAwcHuLpfoZK7Zo63osA.jpg,
83533,Avatar: Ogień i popiół (2025),Sci-Fi|Adventure|Fantasy,2025,7.35,1482,285.52,"W obliczu niszczycielskiej wojny z RDA i utraty najstarszego syna, Jake Sully i Neytiri stają w obliczu nowego zagrożenia na Pandorze: Ash People, brutalnego i żądnego władzy plemienia Na'vi dowodzonego przez bezwzględnego Varanga. Rodzina Jake'a musi walczyć o przetrwanie i przyszłość Pandory w konflikcie, który popycha ich do granic możliwości emocjonalnych i fizycznych.",https://image.tmdb.org/t/p/w500/ecbiOccMRXoAOv0bKr1izpHA0ch.jpg,
1084242,Zwierzogród 2 (2025),Animation|Comedy|Adventure|Family|Mystery,2025,7.6,1106,201.73,"Detektywi Judy Hops i Nick Bajer depczą po piętach pewnemu nieuchwytnemu gadowi, który zjawia się w mieście ssaków i wywraca je do góry nogami. Aby rozgryźć tę sprawę, policjanci muszą buszować incognito po nieznanych im dzielnicach, których mroczne realia wystawią na próbę ich partnerski układ.",https://image.tmdb.org/t/p/w500/lC8K6xaG5d2RHa8sP0NWfj0ahHQ.jpg,
1252037,Czołg (2025),War|Action|Drama,2025,7.01,236,187.66,"Front wschodni, rok 1943: niemiecka załoga czołgu Tygrys zostaje wysłana na niebezpieczną misję głęboko za linią frontu, gdzie toczą się zacięte walki. Podczas podróży przez śmiertelną ziemię niczyją muszą stawić czoła zarówno wrogowi, jak i własnym wewnętrznym demonom.",https://image.tmdb.org/t/p/w500/x8pInGKDozm6C02RIcfiRd1gYp8.jpg,
1368166,Pomoc domowa (2025),Mystery|Thriller,2025,7.2,410,186.28,"Milli ma za sobą niełatwą przeszłość, więc to czego dziś szuka, to spokojna przystań z dala od zgiełku i potencjalnych kłopotów. Chętnie więc zatrudnia się jako pomoc domowa w wielkim domu bogatego małżeństwa Winchesterów. Sprząta, gotuje, odbiera ze szkoły córkę swych pracodawców, a wolne chwile spędza samotnie w małym pokoju na poddaszu. Choć zachowania domowników zaczynają budzić jej coraz większy niepokój, stara się to ignorować. Mimo wszystko zazdrości pani Winchester jej pełnego przepychu, idealnego życia. Jednak, gdy pewnego dnia odkryje, skrywany za grubymi murami posiadłości, sekret Winchesterów, zrozumie, że znalazła się w obliczu śmiertelnego zagrożenia. Nieoczekiwanie z pomocą mogą przyjść jej doświadczenia trudnej przeszłości.",https://image.tmdb.org/t/p/w500/vVWQm8xikIKMQSwPuArsapJoYhY.jpg,
62029,Bingo Bongo (1982),Comedy,1982,5.71,166,164.39,,https://image.tmdb.org/t/p/w500/cqiWWn2tnQwJHFmAMaLR2JdRbzC.jpg,
755898,Wojna światów (2025),Sci-Fi|Thriller,2025,4.22,843,136.42,"Will Radford jest czołowym analitykiem ds. cyberbezpieczeństwa w Homeland Security, który śledzi potencjalne zagrożenia dla bezpieczeństwa narodowego za pomocą programu masowej inwigilacji. Aż pewnego dnia atak nieznanej jednostki sprawia, że zaczyna się zastanawiać, czy rząd czegoś przed nim nie ukrywa... i przed resztą świata.",https://image.tmdb.org/t/p/w500/s20qugrUD5mPGQdyQ1LMLCYUOmy.jpg,
1311031,Demon Slayer: Kimetsu no Yaiba – Infinity Castle (2025),Animation|Action|Fantasy,2025,7.6,662,127.42,"Gdy w ramach przygotowań do nadchodzącej bitwy z demonami członkowie Oddziału Zabójców Demonów oraz Filarowie rozpoczynają grupowe szkolenie, tzw. trening Filarów, Muzan Kibutsuji pojawia się w rezydencji Ubuyashikich. Tanjirō i Filarowie ruszają na pomoc przywódcy oddziału, ale zostają wciągnięci w tajemniczą otchłań przez Muzana Kibutsujiego. W ten sposób Tanjirō i Oddział Zabójców Demonów trafiają do twierdzy demonów — Zamku Nieskończoności. Oto miejsce, w którym rozegra się ostateczna walka między Oddziałem Zabójców a demonami.",https://image.tmdb.org/t/p/w500/ylCHprN1XfKIe5Mcbo7E65CwW0Y.jpg,
628847,Trap House (2025),Action|Crime|Thriller,2025,6.5,158,120.43,"Tajny agent DEA i jego partner rozpoczynają grę w kotka i myszkę z odważną i zaskakującą grupą złodziei –  zbuntowanymi nastolatkami, którzy zaczęli okradać niebezpieczny kartel, wykorzystując w tym celu taktykę swoich rodziców i ściśle tajne informacje.",https://image.tmdb.org/t/p/w500/6tpAPeuuqbVnYWWPoOLEDLSBU7a.jpg,
1511417,Baahubali: The Epic (2025),Action|Drama,2025,5.7,22,115.55,,https://image.tmdb.org/t/p/w500/z9YIo2qscyaXYgRqIdRJtND3bw8.jpg,
1419406,Bu Feng Zhui Ying (2025),Action|Crime|Drama|Thriller,2025,7.15,297,108.97,"Policja w Makau sprowadza z emerytury doświadczonego policjanta, aby pomógł w schwytaniu niebezpiecznej grupy zawodowych złodziei.",https://image.tmdb.org/t/p/w500/o25Tk1FYQi2BLk0OEAvx2h69QvB.jpg,
1131759,Omniscient Reader: The Prophecy (2025),Action|Adventure|Fantasy,2025,6.72,45,105.77,"Ulubiona powieść fantasy Kim Dok-ji, zwykłego pracownika biurowego, nagle staje się rzeczywistością. Uwięziony w świecie powieści, musi stawić czoła apokaliptycznym wyzwaniom u boku głównego bohatera, Yoo Jung-hyeoka – potężnego wojownika obdarzonego zdolnością powrotu do życia po śmierci.",https://image.tmdb.org/t/p/w500/lWQRM7IOCyJT9E5kOnoUvZNELHQ.jpg,
425274,Iluzja 3 (2025),Thriller|Crime|Mystery,2025,6.58,896,103.93,"Legendarni Czterej Jeźdźcy łączą siły z grupą młodych, zbuntowanych iluzjonistów, by dokonać zuchwałej kradzieży bezcennego diamentu i pokrzyżować szyki międzynarodowej organizacji przestępczej.",https://image.tmdb.org/t/p/w500/vV7tqLh6eeNokqM6TkMWuYEurzw.jpg,
1208348,Rodzina do wynajęcia (2025),Comedy|Drama,2025,7.91,155,103.18,,https://image.tmdb.org/t/p/w500/qgnVFFhRwUxADwq5Dj3g71ai71v.jpg,
1272837,28 lat później: Świątynia kości (2026),Horror|Thriller|Sci-Fi,2026,7.06,107,96.37,"W kontynuacji tej epickiej opowieści dr Kelson (Ralph Fiennes) znajduje się w trudnych okolicznościach, których konsekwencje mogą zmienić świat, jaki zna. Spotkanie Spike'a (Alfie Williams) z Jimmym Crystalem (Jack O'Connell) staje się koszmarem, od którego nie może uciec. W świecie Świątyni kości zarażeni nie są już największym zagrożeniem dla przetrwania – nieludzkość ocalałych może być dziwniejsza i bardziej przerażająca.",https://image.tmdb.org/t/p/w500/kK1BGkG3KAvWB0WMV1DfOx9yTMZ.jpg,
1512623,Risqué (2025),Action|Crime|Thriller,2025,7.54,45,95.77,,https://image.tmdb.org/t/p/w500/h6OsRrDwbspLnKMvlFl57QFDP7d.jpg,
1034716,"Ludzie, których spotykamy na wakacjach (2026)",Romance|Comedy|Drama,2026,7.15,257,94.58,"Każdego lata przez niemal dekadę wyluzowana Poppy i introwertyczny Alex ruszali razem na wakacyjną przygodę. Coś się jednak popsuło i na długo przestali się do siebie odzywać. Teraz jednak spotykają się na wspólnym wyjeździe, podczas którego będą wreszcie musieli uzewnętrznić ukrywane uczucia.",https://image.tmdb.org/t/p/w500/xzZaU0MN6L9oc1pl0RUXSB7hWwD.jpg,
1301122,Erbsünde - Veil of Sin (2024),Horror|Action|Sci-Fi,2024,5.36,14,90.13,,https://image.tmdb.org/t/p/w500/3daBOc5ZcICXMzAVNhzJTSgweaP.jpg,
982843,Wielka powódź (2025),Sci-Fi|Adventure|Drama,2025,6.03,494,88.74,Nastaje ostatni dzień ludzkości na ziemi. Walka o śmierć i życie w zalanym powodzią mieszkaniu szybko staje się jedyną nadzieją na przetrwanie ludzkiego gatunku.,https://image.tmdb.org/t/p/w500/8SQWFPE6UhNGIMDimAOOg4T5Hem.jpg,
1228246,Pięć koszmarnych nocy 2 (2025),Horror|Thriller,2025,6.8,613,87.66,"Były ochroniarz Mike oraz policjantka Vanessa ukrywali przed 11-letnią siostrą Mike'a, Abby, prawdę o losie jej animatronicznych przyjaciół. Jednak gdy Abby wymyka się, by ponownie połączyć się z Freddy'm, Bonniem, Chicą i Foxym, uruchamia to przerażającą serię wydarzeń, które odkrywają mroczne sekrety związane z prawdziwym pochodzeniem Freddy'ego i uwalniają zapomniany horror, który był ukrywany przez dekady.",https://image.tmdb.org/t/p/w500/16RtXHk9Rcb62WNYy1Qo6B4fYqS.jpg,
1255674,Stara wariatka (2025),Horror|Thriller|Comedy,2025,5.4,10,81.73,"Pedro otrzymuje rozpaczliwą wiadomość od byłej dziewczyny, która prosi go o opiekę nad jej zniedołężniałą matką, Alicią. To, co wydaje się prostą misją, wkrótce staje się jego najgorszym koszmarem. Pedro musi uciec, ale Alicia mu na to nie pozwala...",https://image.tmdb.org/t/p/w500/c9yBb1vKix0Q8kRd75kDGi5FSjX.jpg,
1491902,Bang: Na celowniku (2025),Action|Thriller,2025,6.41,45,80.36,"Historia bezwzględnego płatnego zabójcy, który zdradza swój gang i sam staje się celem.",https://image.tmdb.org/t/p/w500/8SUzKOqe2ectvhYdSnR7Vq2F3n1.jpg,
1054867,Jedna bitwa po drugiej (2025),Thriller|Crime|Action,2025,7.44,2456,79.8,"Po 16 latach od udanego ataku na więzienie, przeprowadzonego na zlecenie grupy rewolucjonistów, ich były lider Bob Ferguson ukrywa się na pustyni, starając się uciec przed swoim śmiertelnym wrogiem - pułkownikiem Stevenem Lockjawem. Gdy jego córka, Willa Ferguson, zostaje porwana, na jaw wychodzą nieoczekiwane sojusze, a pomocą służy mu dawny mentor - Sensei Sergio. Rewolucjoniści ponownie jednoczą siły, by ocalić Willę. Na drodze staną im jednak nie tylko bezwzględni przeciwnicy, lecz także groteskowy świat.",https://image.tmdb.org/t/p/w500/iOyZtndmwT80IRt1esLpisXPDy.jpg,
1181765,Szkoła magicznych zwierząt 3 (2024),Family|Fantasy|Comedy,2024,6.2,23,78.13,"Ida chce wraz z klasą wziąć udział w Dniu Lasu, aby chronić lokalny las. Helene również bierze udział w projekcie, aby wykorzystać nagrania do wzmocnienia swojego kanału z influencerami. Rodzina Helene jest na skraju bankructwa, i rozpaczliwie potrzebuje naśladowców, a jej wymagający magiczny kot Karajan czeka na coś z Paryża. Silas, najlepszy przyjaciel Jo, przyjmuje wegańskiego krokodyla Ricka jako magicznego towarzysza, który wydaje się przerażający, ale niebezpieczny. Silas interesuje się Helene i szantażuje uczniów, aby zdobyć pieniądze na markową koszulę, ale zostaje złapany przez Jo. Jo jest zdenerwowana, ponieważ Silas opuścił próby, a Silas jest zazdrosny o czas, który Jo spędza z Idą. Helene wywołuje dodatkowy stres, gdy namawia swoją klasę do pojawienia się na pokazie mody w Muzeum Historii Naturalnej, który odbywa się w tym samym dniu, co Dzień Lasu Idy.",https://image.tmdb.org/t/p/w500/yuwPuKYdXUch49sEb757bNs4t0b.jpg,
1137179,Kapuś (2025),Crime|Action|Comedy|Drama|Thriller,2025,7.0,33,75.11,"Zawodowi kapusie zwani Ya-Dang dostarczają prokuratorom i policji tajnych informacji o półświatku przestępczym związanym z handlem narkotykami. Jeden z nich musi zrobić wszystko, co w jego mocy, by nie tylko wyjść na szczyt, ale i przeżyć.",https://image.tmdb.org/t/p/w500/k4yTwFqvQDApqaoFdgubsbYcuno.jpg,
1439112,Muzzle: City of Wolves (2025),Action|Thriller|Mystery,2025,6.79,92,74.2,"Gdy gang atakuje rodzinę byłego policjanta K-9, Jake oraz Argos ruszają tropem narkotykowego kartelu, stając do walki z korupcją i własnymi demonami.",https://image.tmdb.org/t/p/w500/8qTMRmC07XCGidnKQFLbRM3FoDU.jpg,
533533,TRON: Ares (2025),Sci-Fi|Adventure|Action,2025,6.54,1024,74.1,Wysoce zaawansowany program o nazwie Ares zostaje wysłany ze świata cyfrowego do realnego w ramach niebezpiecznej misji. Będzie to pierwsze w historii spotkanie ludzkości ze sztuczną inteligencją.,https://image.tmdb.org/t/p/w500/e4KE2bvhTqko9UcOGiRPaIM2DS0.jpg,
7451,xXx (2002),Action|Adventure|Thriller|Crime|Drama,2002,6.0,4730,70.68,"Xander Cage (Vin Diesel) jest zapalonym miłośnikiem sportów ekstremalnych. Intensywny wysiłek, ryzyko i... kłopoty z wymiarem sprawiedliwości są dla niego codziennością. Kiedy amerykański rząd powierza mu misję rozpracowania organizacji posądzanej o planowanie zniszczenia świata, Xanderowi na początku wydaje się, że to będzie nudna misja... Doskonały, naładowany adrenaliną film reżysera ""Szybkich i Wściekłych"".  [opis dystrybutora dvd]",https://image.tmdb.org/t/p/w500/1Ka8EhUah4L9Bco0MXOs3ZvTbHk.jpg,
1247002,Staruszka z nożem (2025),Action|Mystery|Drama,2025,6.5,49,68.49,"Starzejąca się zabójczyni Hornclaw widziała już wszystko, ale nigdy nie spodziewała się, że będzie mentorką lekkomyślnego nowicjusza, takiego jak Bullfight. W miarę jak ich nietypowa więź się pogłębia, w podziemnym świecie pojawiają się pęknięcia, po których wspólnie się poruszają. Kiedy Hornclaw odkrywa, że ​​ktoś chce jej śmierci, zostaje wciągnięta w śmiertelnie niebezpieczną grę podstępu. Z wrogami nacierającymi na nią z każdej strony i ograniczonym zaufaniem, przetrwanie wymaga skupienia się – zarówno na ostrzu, jak i na umyśle.",https://image.tmdb.org/t/p/w500/8yL8nZ2bHQIkzbArEGw1W8qPFvN.jpg,
24428,Avengers (2012),Sci-Fi|Action|Adventure,2012,7.91,35168,67.75,"Marvel Studios przedstawia ""Avengers"", zapierająca dech w piersiach wariację na temat kultowej komiksowej sagi z Robertem Downeyem Jr., Scarlett Johansson i Samuelem L. Jacksonem w rolach głównych. W obliczu globalnego zagrożenia Nick Fury (Samuel L. Jackson), szef międzynarodowej agencji S.H.I.E.L.D. czuwającej nad światowym bezpieczeństwem, musi skompletować niezwykłą drużynę, która będzie potrafiła stawić czoła bezwzględnemu wrogowi. Iron Man (Robert Downey Jr.), Thor (Chris Hemsworth), Kapitan Ameryka (Chris Evans), Hulk (Mark Ruffalo), Sokole Oko (Jeremy Renner) i Czarna Wdowa (Scarlett Johansson) po raz pierwszy w historii łączą siły, żeby ochronić Ziemię przed inwazją obcych!",https://image.tmdb.org/t/p/w500/RYMX2wcKCBAr24UyPD7xwmjaTn.jpg,
803796,K-popowe łowczynie demonów (2025),Fantasy|Music|Comedy|Animation,2025,8.12,2237,65.07,"Gwiazdy K-popu Rumi, Mira i Zoey w przerwach między koncertami na pełnych stadionach bronią fanów przed nadnaturalnymi zagrożeniami, korzystając ze swoich tajemnych mocy.",https://image.tmdb.org/t/p/w500/guBpuzpNWk3U0omEeFk9qqL3hzH.jpg,
1205229,Noc w ZOO (2025),Animation|Comedy|Horror|Adventure|Sci-Fi,2025,6.6,69,64.87,"Pewnej nocy meteor uderza w ZOO Colepepper, uwalniając wirusa, który przekształca zwierzęta w dziwne i zabawne, śliniące się mutanty zombie. Gracie, młoda, dziwaczna wilk, łączy siły z szorstkim i przerażającym lwem górskim, aby znaleźć drogę powrotną do swojego stada. Gdy ZOO zostaje opanowane, muszą wymyślić plan przywrócenia wszystkich zwierząt do normalności. Razem z pomocą zróżnicowanej grupy ocalałych – lemura mającego obsesję na punkcie filmów Xaviera, ognistej kapibary Fridy, sarkastycznego, bajecznego strusia Asha i zdradzieckiej małpy Feliksa – wyruszają na niebezpieczną misję ratowania ZOO i pokonania Królika Zero - obłąkanego króla-mutanta, zdeterminowanego rozprzestrzenić wirusa poza mury zoo.",https://image.tmdb.org/t/p/w500/iil6nj7ppYh2vtm0grrFaa2PY5n.jpg,
1223601,Sisu: Droga do zemsty (2025),Action|War,2025,7.43,466,64.57,"Wracając do domu, w którym jego rodzina została brutalnie zamordowana podczas wojny, „człowiek, który nie chce umrzeć”, rozbiera go, ładuje na ciężarówkę i postanawia odbudować w bezpiecznym miejscu ku ich czci. Kiedy dowódca Armii Czerwonej, który zabił jego rodzinę, wraca zdeterminowany, by dokończyć dzieła, rozpoczyna się nieustanny, oszałamiający pościg przez cały kraj – walka na śmierć i życie.",https://image.tmdb.org/t/p/w500/y9GUtW7LGXItKSuME8ybJ4QZNxI.jpg,
76600,Avatar: Istota wody (2022),Action|Adventure|Sci-Fi,2022,7.6,13542,64.54,"Akcja filmu rozgrywa się ponad dziesięć lat po wydarzeniach z pierwszej części. To opowieść o rodzinie Jake'a i Neytiri oraz ich staraniach, by zapewnić bezpieczeństwo sobie i swoim dzieciom, mimo tragedii, których wspólnie doświadczają i bitew, które muszą stoczyć, aby przeżyć.",https://image.tmdb.org/t/p/w500/jzJIKuu1OaZxtEDdgGAwvZYDuKL.jpg,
1196067,Worldbreaker (2025),Sci-Fi|Action|Horror,2025,6.3,58,61.98,"Pięć lat temu pęknięcie w strukturze rzeczywistości sprowadziło na nasz świat istoty z alternatywnego wymiaru, pragnące naszej zagłady. Ojciec ukrywa córkę na wyspie, aby zapewnić jej bezpieczeństwo, przygotowując ją jednocześnie do przetrwania i przyszłych bitew. Ale gdy świat stoi w obliczu załamania, żadne miejsce nie jest bezpieczne.",https://image.tmdb.org/t/p/w500/7K8w6mdrJp0oaSoKWGyjSZ4Zv2z.jpg,
840464,Greenland 2 (2026),Action|Adventure|Thriller|Sci-Fi,2026,6.61,61,61.26,"Po katastrofie, która niemal zniszczyła naszą planetę i doprowadziła do zagłady większości jej mieszkańców, John Garrity wraz z żoną i synem próbuje zacząć nowe życie w spustoszonym świecie. Zmuszeni do opuszczenia bezpiecznego bunkra na Grenlandii, wyruszają przez zrujnowaną Europę w poszukiwaniu terenów nadających się do zamieszkania. Mówi się, że na południu dawnej Francji powietrze i woda są na tyle czyste, że jest szansa na przeżycie. Najpierw trzeba tam jednak dotrzeć. Droga wiedzie przez zrujnowane, wyludnione miasta i skażone pustynie, które były kiedyś ludzkimi siedliskami. Najbardziej niebezpieczne są jednak tereny opanowane przez ocalałych, którzy dla przetrwania są gotowi na wszystko. Każdy dzień tej wędrówki może okazać się ostatnim, a każdy nowy przyjaciel może stać się śmiertelnym wrogiem.",https://image.tmdb.org/t/p/w500/cqsstEL1uDIYNRwOan5xzh3dRW1.jpg,
1234731,Anakonda (2025),Adventure|Comedy|Horror,2025,6.0,160,60.53,"Doug i Griff są najlepszymi przyjaciółmi od dzieciństwa i zawsze marzyli o nakręceniu remake'u swojego ulubionego filmu wszech czasów: kinowego klasyka - ""Anakonda"". Kiedy kryzys wieku średniego popycha ich do podjęcia tego wyzwania, wyruszają w głąb Amazonii, aby rozpocząć zdjęcia. Jednak sytuacja staje się poważna, gdy pojawia się prawdziwa gigantyczna anakonda, zamieniając ich komicznie chaotyczny plan filmowy w śmiertelnie niebezpieczne miejsce. Film, który tak bardzo chcą nakręcić? Może właśnie doprowadzić ich do śmierci...",https://image.tmdb.org/t/p/w500/v0MTZgtwldB6C6P3jjbeKppI0k4.jpg,
1013446,Błysk diamentu śmierci (2025),Action|Thriller|Mystery,2025,6.1,58,58.09,"John ma 70 lat i mieszka w odosobnieniu w luksusowym hotelu na Lazurowym Wybrzeżu. Zaintrygowany jest kobietą w pokoju obok, która przypomina mu o jego szalonych latach na Riwierze w latach 60., kiedy był eleganckim międzynarodowym szpiegiem w świecie pełnym niebezpieczeństw i obietnic. Ale kiedy kobieta tajemniczo znika, Johna dręczą retrospekcje – lub może fantazje – jego pełnej przepychu i groteskowej przeszłości oraz kuszących kobiet i nikczemnych złoczyńców, którzy tam żyli i umarli. Dzięki obrazom, które oddają pełen czułości hołd gatunkowi Eurospy z lat 60. i są zabarwione zabawną krwią, rzeczywistość Johna staje się rozbita, gdy stara się rozwikłać zagadkę swojej przeszłości. Pamięć, szaleństwo i kręcenie filmów stają się coraz trudniejsze do oddzielenia. Czy jego starzy wrogowie powrócą, by siać spustoszenie w jego idyllicznym życiu? Czy czekają na ujawnienie kolejne spiski i zdrady? A może po prostu został oczarowany piękną i niebezpieczną przynętą samego kina ucieczki?",https://image.tmdb.org/t/p/w500/52s0VKi9eicy6V16H7VL73iqzYx.jpg,
1539104,JUJUTSU KAISEN: Execution – Shibuya Incident x The Culling Game Begins (2025),Animation|Action,2025,5.6,77,57.9,"Na tętniącą życiem Shibuyę, pełną tłumów szykujących się do Halloween, nagle opada kurtyna. Niezliczeni cywile znajdują się w pułapce. Satoru Gojō, najsilniejszy zaklinacz jujutsu, rzuca się w wir chaosu. Czają się jednak na niego użytkownicy klątw i upiory, którzy pragną go zapieczętować. Do boju rusza Yūji Itadori wraz z kolegami z klasy oraz najlepszymi zaklinaczami jujutsu. Rozpoczyna się starcie klątw, jakiego jeszcze nie było — incydent w Shibuyi.",https://image.tmdb.org/t/p/w500/bENaK5Imbt2BeBLh8hcrVJ58u7u.jpg,
19995,Avatar (2009),Action|Adventure|Fantasy|Sci-Fi,2009,7.6,33273,57.8,"Rok 2154. Jake Sully, sparaliżowany były żołnierz piechoty morskiej, otrzymuje szansę odzyskania zdrowego ciała. Musi jednak wziąć udział w specjalnym programie militarnym. Ma trafić na Pandorę, planetę zamieszkiwaną przez Na'vi - człekopodobną, pokrytą niebieską skórą rasę. Pandora, księżyc planety Polyphemus w układzie Alfa-Centauri, jest bogata w złoża niezwykle cennego minerału, który mógłby rozwiązać światowy kryzys energetyczny. Ponieważ ludzie nie są zdolni do oddychania na Pandorze, stworzyli specjalne hybrydy zwane avatarami, którymi mogą sterować. Umożliwia im to swobodne poruszanie się po planecie. Jake dołącza do pułkownika Milesa Quadritcha, dowodzącego tajną jednostką Secops, i rozpoczyna infiltrowanie Na'vi. Kiedy jednak poznaje Neytiri, wojowniczkę z klanu Omaticaya, która ratuje mu życie i dzięki której coraz lepiej poznaje tubylców, zaczyna wątpić w słuszność swojej misji. Staje przed trudnym wyborem: stanąć w obronie dobra czy wypełnić swoje zadanie.",https://image.tmdb.org/t/p/w500/6DfNtptjkIrevq4mDAB0XDXT0NO.jpg,
1317288,Wielki Marty (2025),Drama,2025,8.0,132,57.73,"Marty chce być gwiazdą. Nagnie więc wszystkie reguły, wejdzie w sojusze z ludźmi, od których powinien trzymać się z daleka, gotów będzie uwieść każdą kobietę, byleby tylko zrealizować swoje marzenie o wielkości.",https://image.tmdb.org/t/p/w500/qY2adO7uzcet8XnAaklcfunwjQo.jpg,
1445698,The Pearl Comb (2025),Horror,2025,7.5,2,56.99,"Rok 1893. Urocza żona rybaka z Kornwalii zyskuje rozgłos, gdy jako pierwsza w historii leczy chorego na gruźlicę. Sceptyczny lekarz, przekonany, że miejsce kobiety jest w kuchni, przybywa, by zbadać ten cudowny przypadek. Jednak niespodziewanie odkrywa źródło nieziemskich mocy kobiety.",https://image.tmdb.org/t/p/w500/737hppvYVz8Wx9I2McyQPHCD7PB.jpg,
1062722,Frankenstein (2025),Drama|Fantasy|Horror,2025,7.7,2653,55.82,"Genialny, ale egoistyczny naukowiec Wiktor Frankenstein usiłuje rozwikłać zagadkę śmierci. Odkrywa możliwość stworzenia życia w martwym ciele, lecz zamiast ideału powstaje inteligentne, wykazujące ludzkie odruchy monstrum. Efekt tego potwornego eksperymentu ostatecznie prowadzi do zguby zarówno twórcy, jak i jego tragicznego dzieła.",https://image.tmdb.org/t/p/w500/sj7jCrV94LRzkxWcXKrwuf8V99j.jpg,
798645,Uciekinier (2025),Action|Thriller|Sci-Fi,2025,6.8,1001,55.34,"W niedalekiej przyszłości „Uciekinier” staje się najchętniej oglądanym programem w telewizji – to śmiertelnie niebezpieczny konkurs, w którym uczestnicy muszą przeżyć 30 dni, będąc ściganymi przez zawodowych zabójców. Każdy ich ruch jest transmitowany za pomocą kamer żądnej krwi publiczności, a każdy kolejny dzień, który przetrwają, podnosi wartość wygranej. Pochodzący z ubogiej klasy robotniczej Ben Richards, którego nie stać na leczenie chorej córki, zachęcony przez przekonującego, ale równocześnie bezwzględnego producenta programu, postanawia wziąć udział w zabójczym show. Buntownicza natura, instynkt i determinacja nowego zawodnika sprawiają, że staje się on niespodziewanie ulubieńcem fanów – i jednocześnie zagrożeniem dla całego programu. Ben musi przechytrzyć nie tylko Łowców, ale także cały naród uzależniony od oczekiwania na jego śmierć.",https://image.tmdb.org/t/p/w500/aFp5lfVaq2nIPwBSyiuME0OTPk2.jpg,
1336189,Delivery Run (2025),Action|Thriller,2025,5.68,30,55.29,,https://image.tmdb.org/t/p/w500/eCA5maHDlZtXNTtiLXenwnEw7tc.jpg,
639988,Bez wyjścia (2025),Crime|Thriller|Comedy,2025,7.75,435,55.29,"Oddany człowiek rodziny i doświadczony kierownik papierni You Man-su pogrąża się w chaosie po zwolnieniu i odrzuceniu przez bezwzględny rynek pracy. Upokorzony nieudanymi rozmowami kwalifikacyjnymi i wyśmiany przez korporacyjnych strażników, postanawia odzyskać godność za wszelką cenę – decyzja ta pcha go na ścieżkę przemocy, z której nie ma już odwrotu.",https://image.tmdb.org/t/p/w500/9w7WGjQes0Cs0s4U3Qr09Tg1Sra.jpg,
1195518,The Unholy Trinity (2025),Western|Adventure|Crime,2025,6.4,132,55.22,"Akcja rozgrywa się na tle burzliwej Montany lat 70. XIX wieku, na chwilę przed egzekucją Isaaca Broadwaya, gdzie zleca swojemu skłóconemu synowi, Henry'emu, niemożliwe zadanie: zamordowanie mężczyzny, który wrobił go w zbrodnię, której nie popełnił. Chcąc dotrzymać obietnicy, Henry udaje się do odległego miasteczka Trinity, gdzie nieoczekiwany obrót wydarzeń zatrzymuje go w mieście i pozostawia między Gabrielem Dove'em, uczciwym nowym szeryfem miasteczka, a tajemniczą postacią o imieniu St. Christopher.",https://image.tmdb.org/t/p/w500/waU3o5qRPNA9bIC59DIsDppll11.jpg,
1371185,Song Sung Blue (2025),Drama|Music|Romance,2025,7.9,66,52.39,"„Nie jestem autorem piosenek, nie jestem symbolem seksu – po prostu chcę dostarczać ludziom rozrywki” – stwierdza bohater filmu Mike Sardina, grany przez Hugh Jackmana. Kate Hudson gra Claire Stengl, która nie chcę być fryzjerką. Chcę śpiewać, tańczyć, chcę uprawiać ogród i mieć kota”. Para stworzyła zespół hołdujący twórczości Neila Diamonda, udowadniając, że nigdy nie jest za późno, by odnaleźć miłość i spełnić marzenia. Tak powstaje zespół tribute Lightning & Thunder. Rozkwita romans, opowiadane są historie z przeszłości.",https://image.tmdb.org/t/p/w500/rZf6KsP2svdNdXG8VpjswrnIwf0.jpg,
1327881,Voice of Shadows (2024),Horror|Mystery|Thriller,2024,4.6,13,50.81,,https://image.tmdb.org/t/p/w500/hffZQgrulC6jgneLuTANQrYgiui.jpg,
1233413,Grzesznicy (2025),Horror|Action|Thriller,2025,7.5,3235,50.23,"Chcąc zostawić za sobą burzliwą przeszłość, bracia bliźniacy wracają do rodzinnego miasta, żeby zacząć życie od nowa. Na miejscu przekonują się, że czeka na nich jeszcze gorsze zło.",https://image.tmdb.org/t/p/w500/xX737WktKAaCfPMTPVZMqyQna2Y.jpg,
1218925,Chainsaw Man – The Movie: Reze Arc (2025),Animation|Action|Romance|Fantasy,2025,8.3,616,49.66,"Denji pracował dla yakuzy jako łowca demonów, próbując spłacić odziedziczony po rodzicach dług. Gangsterzy dopuścili się jednak zdrady i zlecili jego zabójstwo. Tracący przytomność Denji zawarł układ z Pochitą, ukochanym pieskiem-demonem, który uratował mu życie. W ten sposób połączyli się ze sobą i tak powstał niepowstrzymany Chainsaw Man. Teraz, w samym środku brutalnej wojny między demonami, łowcami i tajemniczymi przeciwnikami, pojawia się tajemnicza Reze. Denjiego czeka najgroźniejsza dotąd bitwa — wywołana przez miłość w świecie, w którym, by przetrwać, dozwolone jest wszystko.",https://image.tmdb.org/t/p/w500/aZwfY1P57MrEQKW5m9JrtcWg0IB.jpg,
1387382,Hunting Season (2025),Action|Drama|Thriller,2025,7.13,114,49.56,"Nadopiekuńczy ojciec i jego zadziorna dwunastoletnia córka przygarniają tajemniczą młodą kobietę, która zostaje wyrzucona na brzeg lokalnej rzeki. Życie duetu ojciec-córka zmienia się na zawsze wraz z przybyciem nieznajomego i bezwzględnego barona narkotykowego, który nie cofnie się przed niczym, by ją posiąść.",https://image.tmdb.org/t/p/w500/cbryTyaWdqrKpQCw6K7zm2jrB5v.jpg,
1033462,749局 (2024),Action|Adventure|Sci-Fi,2024,6.34,74,49.34,,https://image.tmdb.org/t/p/w500/8GOrx5xMI4YAKBGPvkBn7QFYxYd.jpg,
550,Podziemny krąg (1999),Drama|Thriller,1999,8.44,31260,48.22,"Co ty możesz o sobie wiedzieć, jeśli nigdy nie walczyłeś? W tym niezwykłym, pełnym niespodziewanych zwrotów akcji i nie pozbawionym swoistego humoru filmie w reżyserii Davida Finchera (""Siedem"") oryginalne i dynamiczne kreacje stworzyli Brad Pitt (""Siedem"") i Edward Norton (""Lęk pierwotny""). Jack (Norton) cierpi na chroniczną bezsenność i jest całkowicie znudzony swym dotychczasowym życiem. Do czasu, gdy spotyka charyzmatycznego Tylera Durdena (Pitt) - sprzedawcę mydła o dość pokrętnej filozofii życia... Uważa on bowiem, że samo-doskonalenie jest dla słabeuszy, a to co rzeczywiście sprawia, że warto żyć to samo-destrukcja.",https://image.tmdb.org/t/p/w500/efBb4gjjKneUoBVgfFOUu2OwihS.jpg,
157336,Interstellar (2014),Adventure|Drama|Sci-Fi,2014,8.47,38636,47.12,"Ziemia w niedalekiej przyszłości. Planeta jest sukcesywnie niszczona przez klęski suszy, a ludziom grozi wyginięcie. Nieoczekiwanie naukowcy odkrywają możliwość podróżowania poza granice Układu Słonecznego. Grupa astronautów wyrusza w najważniejszą w dziejach ludzkości podróż – muszą znaleźć miejsce, gdzie nasz gatunek będzie mógł przetrwać. Na czele załogi staje Cooper, były pilot NASA, który obecnie zajmuje się uprawą roli.",https://image.tmdb.org/t/p/w500/q4emCJmjNomEE2pVGgqr3nDEIzI.jpg,
772462,No Me Sigas (2025),Horror|Mystery,2025,6.3,32,47.02,,https://image.tmdb.org/t/p/w500/gop4DwcBeb9T3JTaxwDEHdJNqSq.jpg,
575265,Mission: Impossible - The Final Reckoning (2025),Action|Thriller|Adventure,2025,7.2,2433,46.32,"Ethan Hunt i zespół IMF kontynuują poszukiwania przerażającej SI znanej jako Entity - która zinfiltrowała sieci wywiadowcze na całym świecie - z rządami świata i tajemniczym duchem z przeszłości Ethana na ich tropie. Dołączyli do nich nowi sojusznicy i uzbrojeni w środki, aby raz na zawsze zamknąć Entity, Hunt ściga się z czasem, aby zapobiec zmianie świata, jaki znamy, na zawsze.",https://image.tmdb.org/t/p/w500/jyrWF7X7YMuTRzdrKejRYeBHyQy.jpg,
1043197,Kraina Mroku (2025),Action|Fantasy|Thriller,2025,7.0,58,46.19,"Ośmioletnia dziewczynka prosi tajemniczego sąsiada o pomoc w zgładzeniu potwora żyjącego pod jej łóżkiem, którego podejrzewa o pożarcie jej rodziny.",https://image.tmdb.org/t/p/w500/vobigFZFvbYPf6ElYJu07P9rH8C.jpg,
1471345,Homo Argentum (2025),Comedy,2025,6.06,18,45.1,"Film składa się z 16 minifilmów, z których każdy trwa od jednej do dwunastu minut. W każdym z nich Guillermo Francella wciela się w bardzo odmienne role. Każdy z nich jest osobnym dziełem, ale suma wszystkich tworzy komediową refleksję na temat współczesności, z ostrą krytyką społeczną.",https://image.tmdb.org/t/p/w500/21WlZtv1GZgiD2qAVHOkg63LRmU.jpg,
980477,Ne Zha 2: W krainie potworów (2025),Animation|Fantasy|Adventure|Action,2025,8.1,555,43.42,"Historia zbuntowanego młodego chłopca o imieniu Ne Zha, który budzi strach wśród bogów, choć urodził się jako dziecko śmiertelników. Posiada dzikie i niekontrolowane moce. Gdy przebudzona zostaje starożytna siła, która zamierza zniszczyć ludzkość, chłopiec musi szybko dorosnąć, aby stać się bohaterem, którego świat potrzebuje.  Jest to uniwersalna, klasyczna opowieść o walce między dobrem, a złem.",https://image.tmdb.org/t/p/w500/uVxWKqtFH4Uv50mYMD6z3rpugDU.jpg,
967941,Wicked: na dobre (2025),Fantasy|Adventure|Romance,2025,6.7,725,42.79,"Glinda i Elphaba będą musiały po raz ostatni się zjednoczyć. Ich niezwykła przyjaźń stanie się osią, od której zależy ich przyszłość. By odmienić siebie i całe Oz na dobre, będą musiały obdarzyć wzajemnym zaufaniem i empatią.",https://image.tmdb.org/t/p/w500/iS3KHLYRW8AMK888GvnLEnduBw7.jpg,
911430,F1: Film (2025),Action|Drama,2025,7.8,3098,42.71,"Legenda wyścigów, Sonny Hayes, powraca z emerytury, aby poprowadzić podupadły zespół Formuły 1 i zostać mentorem młodego, utalentowanego kierowcy, jednocześnie walcząc o kolejną szansę na zdobycie chwały.",https://image.tmdb.org/t/p/w500/3smWUC3KBq4ifvrmrt6OZTTb8Z5.jpg,
1234821,Jurassic World. Odrodzenie (2025),Sci-Fi|Adventure|Action,2025,6.35,2841,42.1,"Pięć lat po wydarzeniach z Jurassic World Dominion, ekologia planety okazała się w dużej mierze niegościnna dla dinozaurów. Te, które pozostały, żyją w odizolowanych środowiskach równikowych o klimacie przypominającym ten, w którym kiedyś się rozwijały. W międzyczasie tajny zespół dowodzony przez wykwalifikowaną specjalistkę Zorę Bennett (Scarlett Johansson) musi pozyskać materiał genetyczny od trzech najbardziej masywnych dinozaurów na świecie. Dzięki temu wejdą w posiadanie klucza do leku, który przyniesie ludzkości cudowne korzyści ratujące życie. Kiedy spotykają pewną cywilną rodzinę, która uległa wypadkowi podczas żeglarskiej wyprawy, misja się komplikuje i w wyniku niefortunnych zdarzeń wszyscy zostają uwięzieni na wyspie. Wkrótce staną twarzą w twarz ze złowieszczym, szokującym odkryciem, które było ukrywane przed światem przez dziesięciolecia.",https://image.tmdb.org/t/p/w500/qQ4LresXCs7Nxz12TjYoGmjsW4c.jpg,
1315303,Szympans (2026),Horror|Thriller,2026,6.6,37,41.89,,https://image.tmdb.org/t/p/w500/z97hrgI5wbGbZvSVkBfAeBnFKAg.jpg,
269149,Zwierzogród (2016),Animation|Adventure|Family|Comedy,2016,7.76,17521,41.25,"Zwierzogrodu nie można pomylić z żadnym innym miastem. Jest to jedyna w swoim rodzaju współczesna metropolia zamieszkiwana wyłącznie przez zwierzęta. W Zwierzogrodzie nie jest ważne, jakim stworzeniem jesteś – czy to największym z lwów, czy może malutką ryjówką. Możesz tam zostać kimkolwiek chcesz. Ale nie wszystkie marzenia spełniają się od razu... Gdy do miasta przybywa ambitna policjantka Judy Hopps, szybko przekonuje się, że jako pierwszy królik zatrudniony w miejscowej policji, nie będzie wcale miała łatwego życia. Robi więc wszystko, by udowodnić swoją wartość (i zdobyć upragniony awans). Na jej drodze pojawia się jednak gadatliwy i chytry lis, Nick Bajer. Chcąc wykazać się za wszelką cenę, Judy przyjmuje sprawę, w której musi rozwiązać pewną kryminalną zagadkę. Jej partnerem w śledztwie zostaje nie kto inny jak wygadany i szczwany Nick...",https://image.tmdb.org/t/p/w500/kTPaxxk7FlV0J77U2ztywjGf8Sb.jpg,
1083637,ಕಾಂತಾರ: ಅಧ್ಯಾಯ - ೧ (2025),Action|Drama|Fantasy,2025,7.02,58,40.56,,https://image.tmdb.org/t/p/w500/ehQPboTPaIMkMUOoNOh8e7pZ5Rp.jpg,
1087192,Jak wytresować smoka (2025),Fantasy|Family|Action|Adventure,2025,7.96,2474,39.12,"Na surowej wyspie Berk, gdzie wikingowie i smoki są zaciekłymi wrogami od pokoleń, Czkawka wyróżnia się, rzucając wyzwanie wiekom tradycji, gdy zaprzyjaźnia się z Szczerbatkiem, budzącym grozę smokiem Nocnej Furii. Ich nieprawdopodobna więź ujawnia prawdziwą naturę smoków, podważając same fundamenty społeczeństwa wikingów.",https://image.tmdb.org/t/p/w500/qzkgpqhSSJiJVCSXU2OwwCOUSqu.jpg,
252969,Secret Pleasures (2002),Drama|Crime,2002,2.61,9,38.91,,https://image.tmdb.org/t/p/w500/j0Qu5opplDTot70kMqVqzURFXHY.jpg,
447273,Śnieżka (2025),Family|Fantasy,2025,4.3,1512,38.87,"Piękna dziewczyna, Śnieżka, szuka schronienia w lesie, w domu siedmiu krasnoludków, aby ukryć się przed swoją macochą, złą Królową. Królowa jest zazdrosna, ponieważ chce być znana jako „najpiękniejsza w kraju”, a piękno Śnieżki przewyższa jej własne. „Śnieżka” Disneya to nowe, świeże spojrzenie na klasyczną filmową wersję tej baśni z 1937 roku. W roli głównej wystąpi Rachel Zegler, w jej macochę i złą królową wcieli się Gal Gadot. W magicznym świecie niezwykłych przygód towarzyszyć nam będą: Mędrek, Gburek, Apsik, Wesołek, Śpioszek, Gapcio i Nieśmiałek. Za reżyserię odpowiada Marc Webb, produkcją zajął się Marc Platt do spółki z Callumem McDougallem w roli producenta wykonawczego. Zupełnie nowe piosenki na potrzebę filmu stworzyli Benj Pasek i Justin Paul.",https://image.tmdb.org/t/p/w500/fPGT8MTYsr1vm0ZI1Yk9jNWiJnK.jpg,
617126,Fantastyczna 4. Pierwsze kroki (2025),Sci-Fi|Adventure|Action,2025,6.99,2852,38.29,"Na tle tętniącego życiem, retrofuturystycznego świata inspirowanego latami 60. XX wieku, Pierwsza Rodzina Marvela jest zmuszona pogodzić rolę bohaterów z siłą więzi rodzinnych, broniąc jednocześnie Ziemi przed żarłocznym bogiem kosmosu o imieniu Galactus i jego tajemniczym Heroldem, Srebrnym Surferem.",https://image.tmdb.org/t/p/w500/A22uCKwag8Yve79Hwc46nXWXHFw.jpg,
1246049,Dracula. Historia wiecznej miłości (2025),Horror|Fantasy|Romance,2025,7.17,741,38.22,"Kiedy w XV wieku umiera ukochana żona księcia, wpada on w furię i odwraca się od Boga. Za karę zostaje skazany na wieczne istnienie jako wampir. Powodowany głęboką tęsknotą za zmarłą żoną, błąka się przez wieki, uwięziony między człowiekiem a potworem. W XIX-wiecznym Londynie spotyka kobietę, która jest do niej uderzająco podobna. Pragnienie jej odzyskania zapoczątkowuje tragiczną historię miłosną, pełną niebezpieczeństw, pokus i walki z własnym mrocznym przeznaczeniem.",https://image.tmdb.org/t/p/w500/rm0lc6dBmxHBUOWs9pk7GJuWI8V.jpg,
950396,Wąwóz (2025),Romance|Sci-Fi|Thriller,2025,7.65,3334,38.13,"Dwoje świetnie wyszkolonych agentów zbliża się do siebie podczas misji ochrony przeciwległych stron tajemniczego wąwozu. Kiedy z jego wnętrza wyłania się zło, muszą współpracować, żeby przetrwać.",https://image.tmdb.org/t/p/w500/3AzVTo0rVnNyCtQvU82YsdsgHsE.jpg,
1448560,Lwica (2025),Action|Thriller|Crime,2025,5.96,71,37.86,"Opowiada historię byłego oddziału tajnych operacji, który ponownie łączy siły, by dokonać ryzykownego napadu i uratować życie ośmioletniej dziewczynki. W ciągu dwunastu godzin muszą przemierzać niebezpieczne ulice miasta w trakcie zamieszek, zapłacić wysoki okup i wrobić niebezpieczną organizację przestępczą w misję pełnej akcji, zdrady i poświęcenia.",https://image.tmdb.org/t/p/w500/tZst3WyMhbpfwC9kjuuKojAY7iJ.jpg,
812583,Żywy czy martwy: Film z serii „Na noże” (2025),Thriller|Mystery|Comedy,2025,7.22,1802,37.77,Detektyw Benoit Blanc współpracuje z młodym księdzem w śledztwie w sprawie absolutnie niemożliwej zbrodni w małomiasteczkowym kościele o mrocznej historii.,https://image.tmdb.org/t/p/w500/1Qa1GWLezRjj7SSSljYfAFmyv5a.jpg,
1100988,28 lat później (2025),Horror|Thriller|Sci-Fi,2025,6.63,2041,37.58,"Minęły prawie trzy dekady, odkąd wirus wydostał się z laboratorium broni biologicznej. Mimo, że świat wciąż jest objęty surową kwarantanną, część ocalałych znalazła sposób na przetrwanie wśród zainfekowanych. Egzystują na małej wyspie, która połączona jest z lądem jedynie pilnie strzeżoną groblą. Gdy jeden z członków społeczności podejmuje ryzykowną wyprawę na kontynent, odkrywa nie tylko mutacje wśród zainfekowanych, ale także przerażające przemiany, które zaszły w innych ocalałych.",https://image.tmdb.org/t/p/w500/nDyaQNgPFpjuf5Ii1vLYX3Nz4CK.jpg,
1363123,Plan wycieczki 2 (2025),Action|Comedy,2025,6.56,458,36.83,"Dan zrywa z życiem zabójcy i jedynie, czego pragnie, to spędzić czas ze swoimi dziećmi. Kiedy jednak dowiaduje się, że córka ma własne plany, organizuje rodzinną wycieczkę do Londynu, co stawia wszystkich na celowniku nieoczekiwanego wroga.",https://image.tmdb.org/t/p/w500/mLTPWguYWwduMszNDjTqxAnyrxy.jpg,
1403735,లైలా (2025),Comedy|Romance,2025,5.2,6,36.41,,https://image.tmdb.org/t/p/w500/l4gsNxFPGpzbq0D6QK1a8vO1lBz.jpg,
238,Ojciec chrzestny (1972),Drama|Crime,1972,8.7,22307,36.21,"Akcja filmu toczy się pod koniec II wojny światowej w Ameryce. Don Vito Corleone jest głową jednej z pięciu mafijnych rodzin w Nowym Jorku. Wraz z pomocą synów Sonny'ego i Freda oraz Toma Hagena -który oferuje swoje usługi w zakresie prawnym - cieszą się uznaniem wśród wielu znanych i ważnych osobistości. Wszystko zaczyna się komplikować, gdy Don Vito odmawia współpracy w handlu narkotykami.",https://image.tmdb.org/t/p/w500/wUgtkwwfQ8SHgyXDcDYN1NfkSx1.jpg,
1061474,Superman (2025),Sci-Fi|Adventure|Action,2025,7.38,4174,36.01,"Superman, dziennikarz z Metropolis, wyrusza w podróż, aby pogodzić swoje kryptońskie dziedzictwo z ludzkim wychowaniem jako Clark Kent.",https://image.tmdb.org/t/p/w500/g2e0gcSTFcyPkBqs3vKK1YpqBsy.jpg,
1530875,Wszystkie diabły zbiegły tutaj (2025),Thriller|Crime|Drama|Mystery,2025,6.1,51,35.95,"Po dokonaniu napadu czterech przestępców popada w coraz większą paranoję, czekając na dalsze instrukcje w odosobnionej kryjówce.",https://image.tmdb.org/t/p/w500/4GJTUSjbCGynQo4PpTTNzzxYfBM.jpg,
1266990,Kulong (2024),Drama,2024,6.0,7,35.84,,https://image.tmdb.org/t/p/w500/bZ8xfM705sK59dA1UCdRkEj7LHN.jpg,
1584215,The Internship (2026),Action,2026,6.47,20,35.59,"Bezwzględna, wyszkolona zabójczyni, wychowana od dzieciństwa w tajnym programie CIA znanym jedynie jako Staż, jest gotowa zniszczyć instytucję, która ukradła jej młodość. Zbierając swoich towarzyszy stażystów, przewodzi krwawemu powstaniu – zmuszając CIA do użycia równie śmiercionośnej siły, aby ich powstrzymać.",https://image.tmdb.org/t/p/w500/fYqSOkix4rbDiZW0ACNnvZCpT6X.jpg,
1610413,Ostatnia przygoda: Jak powstawało „Stranger Things 5” (2026),Documentary,2026,7.68,41,35.44,"Zajrzyj za kulisy lat pracy i zaangażowania, które stoją za ostatnią odsłoną kultowego, definiującego pokolenie serialu braci Dufferów.",https://image.tmdb.org/t/p/w500/aZhrAx5CevLfjXcGIG3wBXxDiAL.jpg,
1180831,Troll 2 (2025),Action|Fantasy|Thriller,2025,6.57,361,34.85,"Kiedy groźny nowy troll zaczyna siać spustoszenie w ich kraju, Nora, Andreas i major Kris rozpoczynają misję trudniejszą niż wszystkie poprzednie razem wzięte.",https://image.tmdb.org/t/p/w500/plyEn5uDNXXDYihF8Z7YOe2PVKE.jpg,
1211442,Rebuilding (2025),Drama,2025,6.9,26,34.63,"Po utracie starego, rodzinnego rancza w pożarze lasu, kowboj Dusty trafia do małego obozu FEMA na rozległym amerykańskim Zachodzie. Ostatni z długiej linii ranczerów, jest rozdarty między dziedzictwem swojej ziemi a zmianami, jakie w niej zachodzą. Zaczyna jednak odbudowywać więź ze swoją młodą córką Callie Rose i byłą żoną Ruby, a ostatecznie z okolicą, której nigdy nie wybrał – światem ludzi, którzy stracili swoje domy tak jak on. Razem odnajdują niezwykłą społeczność – a może nawet nadzieję, piękno i przyszłość w tym dzikim miejscu.",https://image.tmdb.org/t/p/w500/7cDCGKBA6XANFDw4km9GvDnFBHw.jpg,
1010581,Moja wina (2023),Drama|Romance|Thriller,2023,7.76,3974,34.5,"Noah musi zostawić miasto, chłopaka oraz przyjaciół i zamieszkać w posiadłości nowego męża mamy. Poznaje tam swego przyrodniego brata, Nicka i od razu dochodzi między nimi do konfliktu osobowości. Jednak wzajemny pociąg zaowocuje zakazaną relacją, w której buntownicze i udręczone temperamenty bohaterów wywrócą ich świat do góry nogami, doprowadzając do szaleńczej miłości.",https://image.tmdb.org/t/p/w500/tZAcTHuMN9TJR6LcoIoZwypEWiN.jpg,
1408208,Exit 8 (2025),Horror|Mystery|Thriller,2025,6.14,108,34.39,"Mężczyzna uwięziony w bezkresnym, sterylnym korytarzu metra wyrusza na poszukiwanie wyjścia nr 8. Zasady jego wyprawy są proste: nie przeocz niczego niezwykłego. Jeśli odkryjesz anomalię, natychmiast zawróć. Jeśli nie, idź dalej. Następnie wyjdź z wyjścia nr 8. Ale nawet jedno niedopatrzenie sprawi, że wróci na początek. Czy kiedykolwiek osiągnie swój cel i ucieknie z tego nieskończonego korytarza?",https://image.tmdb.org/t/p/w500/hpGRkxkVxyMXODKRSx6OaGLRYuF.jpg,
1282440,हैप्पी पटेल: खतरानक जासूस (2026),Comedy|Action|Romance,2026,7.8,5,33.87,,https://image.tmdb.org/t/p/w500/vsCkxiY2c26C6y4RyTVkpdXIfCW.jpg,
1116465,Legenda (2024),Action|Adventure|Fantasy,2024,6.86,135,33.85,"Jakie Chan jako archeolog-podróżnik odkrył, że relikty wydobyte z wykopalisk w lodowcu przypominają jadeitowy wisiorek, który widział w jednym ze swoich snów. Zafascynowany jego historią razem z zespołem wyrusza na wyprawę w głąb niebezpiecznego lodowca. Szybko okazało się, że jest to też wyprawa w czasie. Do przeszłych wieków, kiedy dzielni wojownicy walczyli z honorem w obronie swoich królestw. Kiedy stawali ramię w ramię aby w spektakularnych bitwach brawurowo bronić swoich rodzin, klanów i miast przed najeźdźcami.",https://image.tmdb.org/t/p/w500/at4lQRjuBd02J5N4PVeDVjlCA8d.jpg,
858024,Hamnet (2025),Drama|Romance,2025,7.47,60,31.97,"Film Hamnet, autorstwa nagrodzonej Oscarem® scenarzystki i reżyserki Chloé Zhao (Nomadland)., opowiada poruszającą historię miłosną, która zainspirowała Szekspira do stworzenia ponadczasowego arcydzieła Hamlet. To poruszająca historię miłości Williama, ambitnego dramaturga i jego żony Agnes. Ich idylliczne życie zostaje zburzone, gdy wybucha epidemia dżumy, która dotyka ich dzieci, Hamneta i Judith. Po latach William pisze nową sztukę zatytułowaną Hamlet, aby poradzić sobie z żałobą.",https://image.tmdb.org/t/p/w500/eIGbaypP2r6DRUzvtWsOZNTftZE.jpg,
1102493,Drobiazgi takie jak te (2024),Drama,2024,6.66,461,31.89,"Pracując jako handlarz węglem, aby utrzymać swoją rodzinę, Bill Furlong odkrywa niepokojące sekrety skrywane przez lokalny klasztor i odkrywa własne prawdy; zmuszając go do konfrontacji ze swoją przeszłością i milczeniem małego irlandzkiego miasteczka kontrolowanego przez Kościół katolicki.",https://image.tmdb.org/t/p/w500/hKylQIjFDPRUf6xBwDhVC6jYGpr.jpg,
275039,In 80 Betten um die Welt (1977),Horror|Thriller|Comedy,1977,5.0,9,31.77,"W ramach pornograficznego programu telewizyjnego prezenterka (Esther Moser) podróżuje po świecie, aby zaprezentować widzoim niezwykłe erotyczne atrakcje.",,
991494,SpongeBob: Klątwa pirata (2025),Animation|Family|Comedy|Adventure|Fantasy,2025,6.51,68,31.57,"Zdesperowany, aby zostać wielkim, SpongeBob wyrusza, aby udowodnić swoją odwagę Panu Krabsowi, podążając za Latającym Holendrem - tajemniczym piratem-duchem - podczas przygody, która zabierze go w najgłębsze głębiny morskie, gdzie żadna gąbka nie dotarła wcześniej.",https://image.tmdb.org/t/p/w500/vTqCjkM4yGl4v77wPQdpUBmGDhr.jpg,
1309012,Altered (2025),Sci-Fi|Action,2025,5.99,81,30.98,"W alternatywnej wersji teraźniejszości ludzie ze zmodyfikowanym genetycznie DNA dominują społeczeństwo. Tymczasem wyrzutkowie, Leon i Chloe, stają w opozycji do skorumpowanych polityków, którzy wykorzystują genetyczne nierówności. Leon i Chloe ryzykują wszystko, by walczyć o sprawiedliwość i przeciwstawić się opresyjnemu systemowi.",https://image.tmdb.org/t/p/w500/6QlAcGRaUrgHcZ4WTBh5lsPnzKx.jpg,
1090983,The Beldham (2025),Horror,2025,5.82,18,30.93,"Będąc na skraju psychozy poporodowej, młoda matka Harper wprowadza się do swojej matki w rodzinnym wiejskim domu. Wkrótce zaczyna ją ścigać groźny potwór, który ma zamiar zabić jej dziecko.",https://image.tmdb.org/t/p/w500/suY2CNfGwq3kccMZuMA1sXAcNXm.jpg,
1214931,Norymberga (2025),History|Drama,2025,7.34,420,30.85,"Jest rok 1945. Cały świat żyje rozpoczynającym się w niemieckiej Norymberdze procesem nazistowskich zbrodniarzy wojennych. Prokurator Robert H. Jackson, który jest głównym oskarżycielem z ramienia Stanów Zjednoczonych ma świadomość jak trudnego podjął się zadania. Wie, że główny oskarżony Hermann Göring jest człowiekiem nie tylko bezlitosnym, ale także błyskotliwie inteligentnym, więc uzyskanie jego obciążających zeznań to zadanie ekstremalnie trudne. Młody psychiatra Douglas Kelley otrzymuje więc misję zbliżenia się do Göringa, nawiązania z nim relacji i uzyskania od niego informacji, które będą miały kluczowy wpływ na wynik procesu. Kelley nie zdaje sobie w pełni sprawy jak trudnego podejmuje się zdania. Jego pacjent to cyniczny manipulator, a jednocześnie człowiek do szpiku kości zły i gotowy na wszystko, by chronić własną skórę.",https://image.tmdb.org/t/p/w500/gvDlUs4YlU9vrATXbMVbPePVjmk.jpg,
278,Skazani na Shawshank (1994),Drama|Crime,1994,8.71,29548,30.6,"Adaptacja powieści Stephena Kinga. Nominowany  Andy Dufresne w 1995 roku do Oscara w 7 kategoriach!  Andy Dufresne jest młodym, obiecującym bankierem. Jego życie zmienia się drastycznie, kiedy zostaje niesłusznie oskarżony o zamordowanie swojej żony i jej kochanka. Skazany na dożywocie, trafia do więzienia Shawshank, gdzie rządy sprawują sadystyczni strażnicy oraz dyrektor hipokryta i oszust. Andy żeby przeżyć lata, jakie przyjdzie mu spędzić w celi, Andy będzie musiał wykazać się sprytem i wolą przetrwania. Przygotowuje również misterny plan zemsty - tak zaskakujący, że zmyli nawet najbliższych współwięźniów.",https://image.tmdb.org/t/p/w500/sBnhJ4f5KAzg6C3FwnEb8QFj8SB.jpg,
62201,शहँशाह (1988),Action,1988,6.4,26,29.84,,https://image.tmdb.org/t/p/w500/2ZUpj73MzEh2YwVzJNVUqBSu2LZ.jpg,
1412598,Killer Whale (2026),Thriller|Horror|Action|Mystery|Sci-Fi,2026,6.1,20,29.7,"Opowiada historię najlepszych przyjaciółek Maddie i Trish, które zostają uwięzione w odległej lagunie z niebezpiecznym wielorybem orką o imieniu Ceto.",https://image.tmdb.org/t/p/w500/cqbXxAw9sUr4tJ5ffEwtnz6IL9o.jpg,
1149167,High Rollers (2025),Action|Crime|Thriller,2025,6.6,101,29.68,"Mason, mistrz złodziej, żyje marzeniem życia w bogactwie ze swoją załogą i dziewczyną Amelią Decker. Kiedy Nemesis Salazar porywa Amelię, Mason musi spróbować zagrać jak w kasynie o wysoką stawkę, aby ją uratować, jednocześnie unikając rywali Salazara i FBI.",https://image.tmdb.org/t/p/w500/hHowAaChDjwueySmwVbsjHmpWa.jpg,
495764,Ptaki Nocy (i fantastyczna emancypacja pewnej Harley Quinn) (2020),Action|Crime,2020,6.89,10645,29.44,"A znacie to o policjantce, kanarku, wariatce i mafijnej księżniczce? Ptaki Nocy (i fantastyczna emancypacja pewnej Harley Quinn) to pokręcona historia, opowiadana przez samą Harley w stylu, w jakim tylko ona może ją opowiedzieć. Kiedy najbardziej narcystyczny z bandziorów Gotham, Roman Sionis, i jego oddana prawa ręka Zsasz biorą na cel niejaką Cass, w poszukiwania dziewczyny angażuje się całe miasto. Nieprawdopodobny zbieg okoliczności krzyżuje drogi Harley, Łowczyni, Czarnego Kanarka i Renee Montoyi. Cztery diametralnie różniące się kobiety nie mają wyjścia. Muszą współpracować, żeby pokonać Romana.",https://image.tmdb.org/t/p/w500/l1lqkLFryH8jzJNTWOesE88tsUM.jpg,
1287141,Pillion (2025),Romance|Drama|Comedy,2025,6.1,32,29.18,"Colin, nieśmiały facet, który pozwala, by życie go omijało, spotyka Raya, nieprawdopodobnie przystojnego lidera klubu motocyklowego, który następnie przyjmuje go jako swojego poddanego. Ray wyrywa Colina z jego ponurego podmiejskiego życia, wprowadzając go do społeczności zboczonych motocyklistów i odbierając po drodze wszelkiego rodzaju dziewictwa. Ale gdy Colin wkracza głębiej w świat zasad i tajemnic Raya, zaczyna się zastanawiać, czy życie jest dla niego. Czy znalazł swoje powołanie, czy po prostu zamienił jedną formę na inną?",https://image.tmdb.org/t/p/w500/7Pd6ChSQjSXy4snJiorSdzg2cG3.jpg,
299536,Avengers: Wojna bez granic (2018),Adventure|Action|Sci-Fi,2018,8.23,31352,29.17,"Po ostatnich wydarzeniach jakie zaszły między Avengersami są oni podzieleni i nie tworzą dłużej jednej zgranej grupy jak za dawnych czasów. Nadciąga jednak nowe wyzwanie. Thanos (Josh Brolin) przybywa na ziemię, a jego celem jest zebranie wszystkich 6 kamieni nieskończoności, które razem dają temu kto je posiada niewyobrażalną moc. Kapitan Ameryka (Chris Evans), Iron Man (Robert Downey Jr.) i reszta superbohaterów będą musieli zjednoczyć się po raz kolejny, aby bronić swojego świata przed zagrożeniem jakiego jeszcze nie było.  [opis dystrybutora dvd]",https://image.tmdb.org/t/p/w500/zLLs37yOubp9Snt5n1UE0DKvWGo.jpg,
1589891,Bohaterowie potrzebni od zaraz (2025),Comedy|Action,2025,7.6,68,29.13,Psycholog na zasądzonych pracach społecznych pomaga policjantowi rozbitemu zdradą żony. Razem stawiają czoła niebezpieczeństwom i szukają drugich szans.,https://image.tmdb.org/t/p/w500/8ZoDrAbrsSLDVjXsyvOlwjJakUK.jpg,
1432046,남친깨기전에빨리빼! (2021),Unknown,2021,0.0,0,28.83,,https://image.tmdb.org/t/p/w500/g0NN2e7WXekSGFyjtf4fTLEsOEh.jpg,
1433667,Merkin Penal (2014),Comedy,2014,0.0,0,28.75,,https://image.tmdb.org/t/p/w500/3bP7AyTuoT5mvBLeu8bLG1yFVN0.jpg,
1217602,London Calling (2025),Action|Crime|Comedy|Thriller,2025,6.9,71,28.63,"Po ucieczce z Wielkiej Brytanii po nieudanej próbie popełnienia błędu, pechowy płatny zabójca jest zmuszony zaopiekować się synem swojego nowego szefa mafii i pokazać mu, jak stać się mężczyzną.",https://image.tmdb.org/t/p/w500/cpQ4VxBJO7vGV3IUdKzSNf4tH9V.jpg,
1194963,Noise (2025),Horror|Thriller,2025,6.2,35,28.56,"Dwie siostry wprowadzają się do nowego mieszkania, ale radość z przeprowadzki szybko psują męczące i tajemnicze dźwięki. Wkrótce jedna z kobiet znika bez śladu, a szukająca jej zrozpaczona siostra zaczyna otrzymywać śmiertelne groźby.",https://image.tmdb.org/t/p/w500/tPOcNetZHfmn97V93TikhWDXj4T.jpg,
1422096,Good boy (2025),Horror,2025,6.74,465,28.26,"Todd, młody mężczyzna pogrążony w żałobie po tragicznej stracie, przeprowadza się wraz z psem do starego domu na odludziu. Ma nadzieję odnaleźć tu spokój i zacząć życie od nowa. Wkrótce okaże się, że dom nie jest pusty. W jego ścianach kryje się nadprzyrodzone zło, którego obecność wyczuwa tylko zwierzę. Początkowo Todd lekceważy nerwowe zachowanie psa, sądząc, że to reakcja na nowe miejsce. Ale z czasem nawiedzenia stają się coraz bardziej przerażające i brutalne, a Todd zaczyna tracić kontrolę nad sobą. Jego jedyną nadzieję na przetrwanie jest wierny pies skazany na samotną walkę ze złem, które zawładnęło losem jego pana.",https://image.tmdb.org/t/p/w500/fYCxF8m0rkdmITKxcGahTVaMmQ8.jpg,
1291608,धुरंधर (2025),Action|Thriller,2025,6.62,148,28.2,,https://image.tmdb.org/t/p/w500/8FHOtUpNIk5ZPEay2N2EY5lrxkv.jpg,
756397,Hitpig! Świniak zawodowiec (2024),Animation|Comedy|Adventure|Family,2024,6.6,37,28.15,"Łowca nagród świni przyjmuje swój kolejny cel: Picklesa, naiwnego, pełnego życia słonia. Chociaż początkowo postanawia schwytać wesołego gruboskórego, ta nieprawdopodobna para krzyżuje się na całym świecie w przygodzie, która wydobywa z nich to, co najlepsze.",https://image.tmdb.org/t/p/w500/UU8HntYmTNx2L7FueTTlJZckKm.jpg,
541671,Ballerina. Z uniwersum Johna Wicka (2025),Action|Thriller|Crime,2025,7.29,2208,28.05,"Osierocona przez porywacza, który zabił jej ojca i uprowadził młodszą siostrę, 7-letnia Eve trafia do rodziny zastępczej. Przepełniona gniewem i żądzą zemsty zwraca na siebie uwagę tajemniczej organizacji Ruska Roma, która przygarnia ją i doskonali w sztuce tańca i zabijania.",https://image.tmdb.org/t/p/w500/6FtePYJr2E6mlqCNLpa8TN4i8AG.jpg,
27205,Incepcja (2010),Action|Sci-Fi|Adventure,2010,8.37,38515,27.9,"Dom Cobb jest niezwykle sprawnym złodziejem, mistrzem w wydobywaniu wartościowych sekretów ukrytych głęboko w świadomości podczas fazy snu, kiedy umysł jest najbardziej wrażliwy. Wyjątkowe umiejętności Cobba uczyniły z niego ważnego gracza w świecie szpiegostwa przemysłowego, ale i najbardziej poszukiwanego zbiega, a za swoją pozycję zapłacił utratą wszystkiego, co kocha. Teraz Cobb otrzymuje szansę na odkupienie. Za sprawą jednego, ostatniego zadania może odzyskać stracone życie. Musi tylko wraz ze swym zespołem dokonać rzeczy niemożliwej: zamiast skraść myśl, zaszczepić ją w śpiącym umyśle. Jeśli im się to uda, dokonają zbrodni doskonałej. Jednak nawet najbardziej precyzyjne planowanie nie jest w stanie przygotować ich na spotkanie z niezwykłym przeciwnikiem, który potrafi przewidzieć każdy ich ruch. Wróg, którego tylko Cobb mógł się spodziewać.",https://image.tmdb.org/t/p/w500/efvcvRgOAZgFC2hrPUa6YqrE1KG.jpg,
597,Titanic (1997),Drama|Romance,1997,7.9,26673,27.83,"Jake i Rose, para młodych kochanków, poznają i zakochują się podczas dziewiczego rejsu ""niezatapialnego"" transatlantyku Titanic. Nie dane im było jednak zaznać pełni szczęścia i miłosnych uniesień. Gdy luksusowy liniowiec wpada na górę lodową, ich pełen pasji, płomienny romans przeradza się w przerażającą, mrożącą krew w żyłach walkę o przetrwanie o życie. Reżyserem ""Titanica"" jest prawdziwy wizjoner w świecie kina, James Cameron, wielokrotnie nagradzany reżyser. Stworzył on nieporównywalne z niczym dzieło, po mistrzowsku żonglując uczuciami swoich bohaterów, miłość przeplatając z nienawiścią, hart ducha i odwagę konfrontując z podłością i tchórzostwem w obliczu wielkiej katastrofy i sprawiając, że film ""Titanic"" to istny triumf kinematografii.",https://image.tmdb.org/t/p/w500/4D6T8LKGcSFEyAXXsoRNzRwZ6FW.jpg,
701387,Bugonia (2025),Sci-Fi|Crime,2025,7.39,1178,27.77,"Wpływowa dyrektor generalna wielkiej korporacji zostaje porwana przez dwóch mężczyzn, którzy mają bzika na punkcie teorii spiskowych. Uważają, że kobieta jest kosmitką, a ich plan zakłada ratunek Ziemi przed domniemaną inwazją obcych.",https://image.tmdb.org/t/p/w500/inKvg8MT59w7wsxq1MggjTZqROn.jpg,
120,Władca Pierścieni: Drużyna Pierścienia (2001),Adventure|Fantasy|Action,2001,8.43,26839,27.51,"Ekranizacja pierwszej części trylogii Tolkiena, ""Drużyna Pierścienia"" zapoznaje widzów z czarodziejskim światem Śródziemia i jego mieszkańcami - ludźmi, hobbitami, elfami, krasnoludami, czarodziejami, trollami i orkami. W tej części trylogii młody i nieśmiały hobbit Frodo Baggins (Elijah Wood) odziedzicza pierścień - Jedyny Pierścień, narzędzie władzy absolutnej, które pozwoliłoby Sauronowi, mrocznemu Władcy Mordoru, rządzić Śródziemiem i zniewolić zamieszkujące je ludy. Frodo, wraz z lojalną kompanią hobbitów, ludzi, czarodzieja, krasnoluda i elfa, musi zabrać Pierścień do Szczelin Zagłady, gdzie został kiedyś wykuty, i zniszczyć go raz na zawsze. Taka podróż oznacza zapuszczenie się głęboko do krainy Czarnego Władcy, gdzie gromadzi on armię orków. Drużyna musi walczyć nie tylko ze złem czającym się wokół, ale i z wewnętrznymi waśniami, oraz niszczącym wpływem samego Pierścienia. Przyszłość świata i przeznaczenie drużyny są ze sobą splecione.",https://image.tmdb.org/t/p/w500/bjWRzhXUXTNPnwptBkXQzCflVBE.jpg,
1197306,Fachowiec (2025),Action|Crime|Thriller,2025,6.7,1741,27.4,"Levon Cade zostawił za sobą utytułowaną karierę wojskową w operacjach specjalnych, aby wieść proste życie pracując w budownictwie. Ale kiedy córka jego szefa, która jest dla niego jak rodzina, zostaje porwana przez handlarzy ludźmi, jego poszukiwania, aby ją sprowadzić do domu, odkrywają świat korupcji o wiele większy, niż kiedykolwiek mógł sobie wyobrazić.",https://image.tmdb.org/t/p/w500/svOxLFytPajfYOuAjzySRzLwIB5.jpg,
1523145,Твое сердце будет разбито (2026),Romance,2026,0.0,0,27.36,,https://image.tmdb.org/t/p/w500/naOC89qeEygU44xM9EIot1m5AUQ.jpg,
1003596,Avengers: Doomsday (2026),Sci-Fi|Action|Adventure,2026,0.0,0,26.98,,https://image.tmdb.org/t/p/w500/8HkIe2i4ScpCkcX9SzZ9IPasqWV.jpg,
1366745,Papá x dos (2025),Family|Comedy|Romance,2025,4.5,8,26.88,,https://image.tmdb.org/t/p/w500/aJvszJS1nIcv2IWHEEkJsNl6VW3.jpg,
354912,Coco (2017),Family|Animation|Music|Adventure,2017,8.2,20566,26.54,"Film opowiada o historii małego chłopca - Miguela, który próbuje rozwiązać pewną tajemnicę rodzinną. Za sprawą nieoczekiwanych wydarzeń dochodzi do spotkania chłopca i rodziny, żywej jak i martwej.",https://image.tmdb.org/t/p/w500/yMapvyFKryN8lgR1o0wD4tsCUw3.jpg,
1038392,Obecność 4: Ostatnie namaszczenie (2025),Horror,2025,6.93,1583,26.51,"Warrenowie, będący na emeryturze po problemach zdrowotnych Eda, zostają poproszeni o pomoc przez rodzinę Smurlów, która doświadcza przerażających zjawisk paranormalnych w swoim domu. Rodzina Smurlów twierdziła, że ich dom był nawiedzany przez demona od 1974 do 1989 roku. Zgłaszali różne zjawiska, takie jak dziwne zapachy, głosy, a nawet fizyczne ataki.",https://image.tmdb.org/t/p/w500/nLOjfwomk7R6n0YgnN4JmS17WxC.jpg,
1096642,L'Attachement (2025),Drama,2025,7.21,185,26.28,"Młody samotny ojciec próbujący znaleźć siłę do miłości. Bibliotekarka feministyczna, samotna z wyboru, która zdecydowała się nie zostać matką. Sześcioletni chłopiec szukający miejsca w nowej strukturze rodziny.",https://image.tmdb.org/t/p/w500/dn3GIoD2Bjzm6ej0yt3kMtGo7ss.jpg,
496243,Parasite (2019),Comedy|Thriller|Drama,2019,8.5,19971,26.08,"Żywot rodziny pana Ki-taeka nie należy do najbardziej udanych. Rodzice z dwójką dorosłych dzieci żyją w nędzy, wszyscy są bezrobotni, a przyszłość rysuje się tylko w szarych barwach. Jednak pomimo niedoli, potrafią być ze sobą blisko, kochać się i trwać w zgodzie - nikt tu nie krzyczy w desperacji ""Jak żyć?!"". Pewnego dnia otrzymują prezent od losu, który przepełnia ich nadzieją oraz wizją stałego dochodu. Syn Ki-woo zostaje polecony przez kolegę, studenta prestiżowego uniwersytetu, na dobrze płatną posadę korepetytora. Chłopak udaje się na rozmowę kwalifikacyjną do domu rodziny Parków, żyjących w zupełnie innym świecie. Pan Park jest właścicielem międzynarodowej firmy z branży IT, ma też piękną żonę Yeon-kyo. Spotkanie dwóch jakże odmiennych rodzin prowadzi do ciągu tragikomicznych wydarzeń.",https://image.tmdb.org/t/p/w500/ujWkLw5WkffXdt8DYlwM0acVOyr.jpg,
155,Mroczny Rycerz (2008),Drama|Action|Crime|Thriller,2008,8.53,35008,26.0,"Kontynuacja filmu ""Batman: Początek"", ""Mroczny Rycerz"", to kolejne wspólne dzieło reżysera Christophera Nolana i gwiazdora Christiana Bale'a, który ponownie wciela się w postać Batmana / Bruce'a Wayne'a toczącego zażartą wojnę ze światem przestępczym. Batmanowi udaje się na dobre rozbić kryminalne podziemie Gotham z pomocą porucznika Jima Gordona (Gary Oldman) i Prokuratora Okręgowego Harveya Denta (Aaron Eckhart). Ich współpraca okazuje się niezwykle skuteczna, ale szybko trzej mężczyźni stają się celem nowego geniusza zbrodni, Jokera (Heath Ledger), którego celem jest wprowadzenie w Gotham anarchii i zmuszenie Batmana, by ten przeszedł na stronę zła, przestał być bohaterem, a stał się złoczyńcą.",https://image.tmdb.org/t/p/w500/gKMDmGde8aAD8M6dvm6j7wciSbJ.jpg,
1197137,Czarny telefon 2 (2025),Horror|Thriller,2025,6.79,825,25.87,"Gdy 17-letni Finn wciąż zmaga się z traumą, jego uparta, 15-letnia siostra Gwen zaczyna odbierać telefony we śnie oraz doświadczać niepokojących wizji trzech prześladowanych chłopców, którzy są na zimowym obozie.  Zdeterminowana, by rozwiązać zagadkę i zakończyć cierpienie zarówno swoje, jak i brata, Gwen przekonuje Finna, by udali się do obozu. Tam odkrywa wstrząsające powiązanie między prześladowcą a historią własnej rodziny. Razem z Finnem muszą stawić czoła zabójcy, który po śmierci zyskał jeszcze większą moc i stał się dla nich ważniejszy, niż mogli sobie wyobrazić.",https://image.tmdb.org/t/p/w500/9DYFa0yAZ8DUPZvxInElqh1ifwv.jpg,
1354700,강령: 귀신놀이 (2025),Horror|Mystery|Thriller,2025,6.9,23,25.61,,https://image.tmdb.org/t/p/w500/szBqzH2qcUthCm1uDVsBAYZbExW.jpg,
533535,Deadpool & Wolverine (2024),Action|Comedy|Sci-Fi,2024,7.56,8161,25.24,"Dochodzacy do siebie Wolverine spotyka pyskatego Deadpoola, z którym łączy siły, by stawić czoła wspólnemu wrogowi.",https://image.tmdb.org/t/p/w500/7Hi6mRLsQtTaEtKiHqSeRFR1TQ2.jpg,
1206083,Conjuring Tapes (2025),Horror|Mystery,2025,5.1,13,25.14,,https://image.tmdb.org/t/p/w500/puPN6uC5NpbAQW8dDovGkJ79arn.jpg,
1103437,Nie karmić dzieci (2025),Horror|Thriller,2025,6.1,60,24.96,"Grupa osieroconych dzieci wyrusza na południe w poszukiwaniu nowego życia po tym, jak epidemia wirusa dziesiątkuje dorosłą populację kraju. Wkrótce zostają zdani na łaskę kobiety, która skrywa niebezpieczny sekret.",https://image.tmdb.org/t/p/w500/GoIIdrjmXo587L2s2mqgMFvBIs.jpg,
567609,Zabawa w pochowanego (2019),Horror|Comedy,2019,7.04,5038,24.93,"Gdy świeżo poślubiona panna młoda wchodzi do bogatej, ekscentrycznej rodziny swego męża, zmuszona zostaje do udziału w uświęconej wieloletnią tradycją zabawie, a ta zmienia się w zabójczą grę, w której każdy uczestnik walczy o przetrwanie.",https://image.tmdb.org/t/p/w500/46EqQw1N0Sb0eiPGVT6lsFtJIOK.jpg,
1241742,EKS (2024),Drama,2024,3.2,5,24.77,,https://image.tmdb.org/t/p/w500/gcK3HgN6IHNOviXnX11W6aFLTGv.jpg,
524047,Greenland (2020),Action|Adventure|Thriller|Sci-Fi,2020,7.12,4943,24.53,"Naukowcy nie mają wątpliwości: Ziemia nie zdoła uniknąć zderzenia ze zbliżającą się do niej potężną kometą, a jego skutki będą katastrofalne. Wybitny inżynier John Garrity (Gerard Butler) i jego rodzina są w grupie wybrańców, którym władze zaoferowały bezpieczne schronienie w położonym na odludziu tajnym bunkrze. Większość społeczeństwa nie otrzymuje takiej szansy. Podczas gdy fragmenty rozpadającej się komety niszczą miasta i zabijają tysiące ludzi, świat pogrąża się w chaosie. Wybuchają zamieszki, rozboje są na porządku dziennym, a służby tracą kontrolę nad sytuacją. W takich okolicznościach dotarcie na miejsce ewakuacji staje się śmiertelnie niebezpiecznym wyzwaniem. Moment decydującego uderzenia zbliża się nieubłaganie. John jest gotów na wszystko, by ocalić swoją żonę i kochanego syna. Najbliższe kilkanaście godzin zdecyduje o wszystkim.",https://image.tmdb.org/t/p/w500/eoK0L4vklKVzYdYB0AZF4UeTPeB.jpg,
122,Władca Pierścieni: Powrót króla (2003),Adventure|Fantasy|Action,2003,8.49,25876,24.42,"Ostateczna bitwa o Śródziemie rozpoczęła się. Frodo i Sam, prowadzeni przez Golluma, kontynuują swą niebezpieczną wyprawę w kierunku Góry Przeznaczenia, w celu zniszczenia Pierścienia Władzy. Aragorn walczy, aby wypełnić przepowiednię i poprowadzić swoich zwolenników przeciw rosnącej sile Władcy Ciemności Saurona, aby Powiernik Pierścienia mógł zakończyć swoją misję.",https://image.tmdb.org/t/p/w500/75KNIheWdy7eLe4RWsbJmVjvJPU.jpg,
79871,蜜桃成熟時 (1993),Comedy|Romance|Drama,1993,6.27,41,24.4,,https://image.tmdb.org/t/p/w500/vM4Tb2Wxk2X0Sgfy1wAS9bzSZsa.jpg,
38757,Zaplątani (2010),Animation|Family|Adventure,2010,7.61,12117,24.32,"Pełna ciepła i humoru nowa wersja opowieści o Roszpunce. Uwięziona w wieży dziewczyna całe życie marzy o tym żeby zobaczyć coś poza widokiem ze swojego okna. Matka Gertruda ciągle ostrzega ją przed niebezpieczeństwami czyhającymi wśród ludzi i groźbie utraty włosów o magicznej mocy. Zabrania jej opuszczać kryjówkę, a ona jest posłuszna... Sytuacja komplikuje się gdy zbliżają się osiemnaste urodziny Roszpunki, a w wieży całkiem przypadkiem zjawia się niejaki Flynn Rider…",https://image.tmdb.org/t/p/w500/hNlM7W62oWf8HiNdw0ld8jKK0zx.jpg,
1511789,Captain Hook: The Cursed Tides (2025),Adventure|Action|Horror,2025,5.0,47,24.22,,https://image.tmdb.org/t/p/w500/oKE2xPJs87V9DbDmoo8igAsDeH1.jpg,
1241982,Vaiana 2 (2024),Animation|Adventure|Family|Comedy|Fantasy,2024,7.01,2888,24.1,"Po otrzymaniu nieoczekiwanego zaproszenia od przodków Moana wyrusza w podróż, która zabierze ją na niebezpieczne wody położone na skraju mórz wysp Pacyfiku. Tam przeżyje przygody, jakich nigdy wcześniej nie doświadczyła.",https://image.tmdb.org/t/p/w500/iX5FaZlzqyOfhHZSyb8RZljHS3f.jpg,
1588846,Ekis (2025),Drama,2025,7.33,3,24.01,"Klasyczny film ""Ekis"" w reżyserii Erika Mattiego otrzymuje odważną nową wersję z całkowicie żeńską obsadą, na czele z Angelą Moreną, Cheeną Dizon i Aliyą Raymundo. Grupa kobiecych bandytów planuje porwanie dla okupu, ale gdy wszystko się wymyka spod kontroli, ucieczka od chaosu staje się niemożliwa.",https://image.tmdb.org/t/p/w500/vuUvGqqGabV422qzjGWPlhRuvN0.jpg,
950387,Minecraft. Film (2025),Family|Fantasy|Comedy|Adventure|Action,2025,6.3,2705,23.85,"Czwórka outsiderów zmaga się ze zwykłymi problemami, gdy nagle zostają wciągnięci przez tajemniczy portal do Overworld: dziwacznej, sześciennej krainy czarów, która rozkwita dzięki wyobraźni. Aby wrócić do domu, będą musieli opanować ten świat, wyruszając na magiczną wyprawę z niespodziewanym, doświadczonym rzemieślnikiem, Stevem.",https://image.tmdb.org/t/p/w500/9fa0zIIPqKqS5YE9xweWW0xXtR3.jpg,
1022453,ది రాజాసాబ్ (2026),Comedy|Horror|Fantasy,2026,6.8,13,23.84,,https://image.tmdb.org/t/p/w500/nvK6gYa4diCnQkDVN42uoYXPrdT.jpg,
1033148,"Zgiń, kochanie (2025)",Drama,2025,6.24,302,23.63,"W zapomnianym skrawku wsi kobieta walczy ze swoimi demonami: akceptuje wykluczenie, ale chce przynależeć, pragnie wolności, czując się uwięziona, tęskni za życiem rodzinnym, ale chce spalić cały dom. Mimo zaskakującej swobody, jaką daje jej rodzina w kwestii coraz bardziej nieprzewidywalnego zachowania, czuje się coraz bardziej stłamszona i stłumiona. Macierzyństwo, kobiecość, banalność miłości, przerażenie pożądania, brutalność innej osoby, która nosi twoje serce na zawsze.",https://image.tmdb.org/t/p/w500/6YPb6nKx0RyZXfAAQeTUsq3jlLA.jpg,
1248226,Wybryk (2025),Action|Comedy|Family,2025,6.06,468,23.37,"Gdy bezrobotny księgowy Brian dołącza do Jeffa, ojca zajmującego się domem, by spędzić popołudnie z synami, spodziewa się spokojnego wypoczynku. Zamiast tego ścigają ich najemnicy, a Brian – zupełnie nieprzygotowany – musi pokonać jedną absurdalną przeszkodę po drugiej. W tej szalonej, zabawnej przygodzie życie ojca z przedmieścia spotyka się z chaosem filmu akcji.",https://image.tmdb.org/t/p/w500/gCk7vx80tdf3f4V2UHDeNCZsFMM.jpg,
671,Harry Potter i Kamień Filozoficzny (2001),Adventure|Fantasy,2001,7.9,29025,23.2,"Harry Potter dowiaduje się, w dniu swoich 11-tych urodzin, że jest osieroconym dzieckiem dwojga potężnych czarodziejów i sam posiada magiczne zdolności. W Szkole Magii i Czarodziejstwa w Hogwarcie przeżywa największą przygodę swojego życia. Uczy się latania na miotle i różnych pożytecznych zaklęć. Przeżywa także chwile grozy rozwiązując zagadkę tajemniczego kamienia filozoficznego i tocząc walkę z potężnym i złym czarodziejem-Lordem Voldermort.",https://image.tmdb.org/t/p/w500/wNRk1vec98vfAQa2YdZOt7h0DGe.jpg,
1259102,Eternity. Wybieram Ciebie (2025),Romance|Comedy|Drama,2025,7.12,322,23.02,"Między niebem a ziemią dusze mają siedem dni, by podjąć decyzję o swym dalszym losie – i miłości. Joan staje przed wyborem najtrudniejszym z możliwych. O jej względy stara się nie tylko Larry, u boku którego spędziła całe życie, lecz także jej pierwszy ukochany, utracony wcześnie Luke.",https://image.tmdb.org/t/p/w500/chyUGnBBfmfj7emmp5wTCmAVxGf.jpg,
1128614,A Nice Indian Boy (2025),Romance|Comedy,2025,7.42,52,22.89,,https://image.tmdb.org/t/p/w500/xfY2FZlnm5uaQbaWR9IYW41J1xG.jpg,
569094,Spider-Man: Poprzez multiwersum (2023),Animation|Action|Adventure|Sci-Fi,2023,8.34,8171,22.72,"Z Brooklynu Miles trafia do multiwersum. Razem z Gwen Stacy, spotykają innych Spider-Man’ów, którzy mają za zadanie ochronę świata przed zagrożeniami. Kiedy bohaterowie spierają się o to, jak poradzić sobie z nowymi niebezpieczeństwami, Miles musi na nowo zdefiniować, co to znaczy być bohaterem i jak ocalić ludzi, których kocha.",https://image.tmdb.org/t/p/w500/aSQijwZ3o2qtUczdhFHdqtp9NZm.jpg,
808,Shrek (2001),Animation|Comedy|Fantasy|Adventure|Family,2001,7.75,18286,22.62,"Shrek jest zielonym stworzonkiem, które nie lubi hałasu, zamieszania i niespodziewanych gości. Jakie było jego zdziwienie, kiedy do jego zacisza zawitało mnóstwo postaci z sąsiedniego królestwa bajki. Zostali wygnani ze swojego królestwa przez złego Lorda Farquaada i nie będą mogli powrócić do domów, dopóki ktoś nie uratuje narzeczonej Lorda- księżniczki Fiony z łap straszliwego smoka. Shrek wyrusza w niebezpieczną drogę na ratunek Fionie.",https://image.tmdb.org/t/p/w500/iB64vpL3dIObOtMZgX3RqdVdQDc.jpg,
1469354,Border Hunters (2025),Action|Thriller,2025,6.53,36,22.58,"Po tym, jak jego brat, policjant, zostaje zabity przez handlarza narkotyków, który ucieka do Meksyku, by szukać ochrony u swojego wujka powiązanego z kartelem, Amerykanin o zróżnicowanej przeszłości w organach ścigania i wojsku udaje się na południe za granicę, by się zemścić",https://image.tmdb.org/t/p/w500/6TNFZnJ5CU0uFQxGaO9dbqriiI7.jpg,
1010756,The Strangers: Chapter 2 (2025),Horror|Thriller,2025,6.0,203,22.56,"Maya ledwo uszła z życiem po ataku nieznajomych zamaskowanych osób. Kiedy napastnicy się o tym dowiadują, wracają — bardziej brutalni i nieustępliwi niż kiedykolwiek — by dokończyć to, co zaczęli. Nie mając dokąd uciec ani komu zaufać, dziewczyna musi przetrwać kolejny przerażający rozdział terroru. Agresorzy są w stanie zabić każdego, kto stanie im na drodze.",https://image.tmdb.org/t/p/w500/aEk9jLbiKTVssdATbrF879NvyyJ.jpg,
402431,Wicked (2024),Drama|Romance|Fantasy,2024,6.9,2803,22.39,"Elphaba i Glinda są studentkami Uniwersytetu Shiz w fantastycznej Krainie Oz i nawiązują głęboką przyjaźń. Jednak po spotkaniu z Czarnoksiężnikiem z Krainy Oz ich przyjaźń stanie na rozdrożu, a ich życie obierze zupełnie inne ścieżki. Glinda, pragnie popularności, marzy o władzy, podczas gdy Elphaba pozostanie wierna sobie i tym, którzy ją otaczają. Jej postawa będzie miała jednak nieoczekiwane konsekwencje dla jej przyszłości. Niezwykłe przygody w krainie Oz sprawią, że ostatecznie wypełnią swoje przeznaczenie jako Dobra Czarownica z Południa i Zła Czarownica z Zachodu.",https://image.tmdb.org/t/p/w500/xDGbZ0JJ3mYaGKy4Nzd9Kph6M9L.jpg,
1495694,Beauty from Pain (2025),Romance|Drama,2025,7.31,8,22.37,"Po bolesnym rozstaniu aspirująca muzyczka ucieka do Australii, gdzie wdaje się w niezobowiązujący romans z miliarderem i właścicielem winnicy. Kiedy jednak kobieta zaczyna go kochać, staje przed trudnym wyborem: odejść, by chronić siebie, czy zaryzykować i po raz kolejny oddać komuś serce.",https://image.tmdb.org/t/p/w500/mJtBKvHQaFzgp0N6JFskSvjbTar.jpg,
552524,Lilo i Stich (2025),Family|Sci-Fi|Comedy,2025,7.24,1965,22.35,"Szalenie zabawna i wzruszająca historia samotnej dziewczyny z Hawajów i zbiegłego kosmity, który pomaga jej pojednać się z rozbitą rodziną.",https://image.tmdb.org/t/p/w500/bsvtqtXdlO5i7sdt0igQyu40OqF.jpg,
240,Ojciec chrzestny II (1974),Drama|Crime,1974,8.6,13491,22.32,"Ta mistrzowska kontynuacja ""Ojca chrzestnego"" opisuje losy dwóch pokoleń rodu Corleone w bezwzględnym dążeniu do władzy. Francis Ford Coppola podzielił swą powieść na dwie części: w pierwszej przedstawił losy młodego Don Vito, zagranego bezbłędnie przez Roberta De Niro, w drugiej -  przejmowanie przez Michaela (Al Pacino) władzy w mafijnej rodzinie. Ponownie, gromadząc na planie wielu znakomitych artystów, Coppola stworzył bez wątpienia najlepszy sequel w dziejach kina.",https://image.tmdb.org/t/p/w500/sWQjhhK9AidSLExyn7M26Tz4V6U.jpg,
10138,Iron Man 2 (2010),Adventure|Action|Sci-Fi,2010,6.85,21976,22.28,"Teraz, kiedy cały świat już wie, że przemysłowiec miliarder Tony Stark (Robert Downey Jr.) to Iron Man, nasz bohater wznawia działalność należącej do zmarłego ojca firmy Stark Expo, która ma zostać wizytówką humanitarnych działań inspirowanych nowinkami technologicznymi. Kiedy rząd Stanów Zjednoczonych nalega, aby Tony stanął przeciwko Ivanowi Vanko (Mickey Rourke), tajemniczej postaci z przeszłości rodziny Stark, Ivan decyduje się zniszczyć Tony'ego ukazując światu własną śmiertelną broń skonstruowaną w oparciu o technologie firmy Stark. Przyciśnięty do muru i jednocześnie zmagający się z własnymi demonami, Tony musi wezwać sprzymierzeńców, aby pomogli mu stawić czoła siłom zagrażających nie tylko jemu.",https://image.tmdb.org/t/p/w500/6WBeq4fCfn7AN0o21W9qNcRF2l9.jpg,
854,Maska (1994),Romance|Comedy|Crime|Fantasy,1994,6.97,10947,22.27,"Stanley Ipkiss gamoniowaty, niczym nie wyróżniający się urzędnik bankowy, wiedzie spokojne życie. Pewnego dnia znajduje tajemniczą maskę, której założenie zmienia go w nie do poznania. Staje się obrońcą pokrzywdzonych i potrzebujących pomocy. Jest przy tym wesoły, zabawny, dowcipny, a każda kobieta marzy o jego towarzystwie. Jednak nadprzyrodzona moc Stanleya nie podoba się gangsterowi Dorianowi. Pragnie on zdobyć maskę.",https://image.tmdb.org/t/p/w500/cQWLvx0IY5kqXrarCahz2PA2P1V.jpg,
23527,Первый отряд (2009),Fantasy|Animation|Action|Sci-Fi,2009,6.2,140,22.23,,https://image.tmdb.org/t/p/w500/mh2DUD5iHNs9VR8kxxJ8yVgZD0N.jpg,
634649,Spider-Man: Bez drogi do domu (2021),Action|Adventure|Sci-Fi,2021,7.9,21455,22.22,"Po raz pierwszy w kinowej historii Spider-Mana nasz przyjazny bohater z sąsiedztwa zostaje zdemaskowany i nie jest już w stanie oddzielić swojego normalnego życia od wysokiej stawki bycia superbohaterem. Kiedy prosi o pomoc Doktora Strange'a, stawka staje się jeszcze bardziej niebezpieczna, zmuszając go do odkrycia, co to naprawdę znaczy być Spider-Manem.",https://image.tmdb.org/t/p/w500/1Pb65hcIv4ymPBbH7ycRM2UUcga.jpg,
1301982,制服を脱ぎ捨てて　女子校生総集編 (2004),Drama,2004,0.0,0,22.21,,https://image.tmdb.org/t/p/w500/aE2YIhY4xTf00nXs0lDb5x2OK5v.jpg,
574475,Oszukać przeznaczenie: Więzy krwi (2025),Horror|Mystery,2025,7.1,2554,22.2,"Dręczona przez powtarzający się koszmar, studentka Stefanie wraca do domu, aby odnaleźć osobę, która mogłaby przerwać cykl i ocalić jej rodzinę przed makabryczną śmiercią, która nieuchronnie czeka ich wszystkich.",https://image.tmdb.org/t/p/w500/ornXXqOyKN8GscogGFBVefXgymm.jpg,
1215106,หมู่บ้านโคกะโหลก (2025),Comedy|Horror,2025,3.8,5,22.19,,https://image.tmdb.org/t/p/w500/pRWBabtsYvqpPmxNYcejIUe6lc3.jpg,
1147266,6시간 후 너는 죽는다 (2024),Thriller|Mystery,2024,6.4,21,22.18,,https://image.tmdb.org/t/p/w500/asdw71nkWcyvwfuPlpgohavTuXL.jpg,
1022789,W głowie się nie mieści 2 (2024),Animation|Adventure|Comedy|Family,2024,7.55,6392,22.14,"W głowie się nie mieści 2 to powrót do umysłu Riley, obecnie świeżo upieczonej nastolatki. Centrala sterowania przechodzi gruntowny remont, bo pojawiły się nowe Emocje! Radość, Smutek, Złość, Strach i Odraza, które dotąd z powodzeniem kierowały całym przedsięwzięciem, z pewnym wahaniem witają nowego przybysza: Niepewność. A to dopiero początek zmian.",https://image.tmdb.org/t/p/w500/qMOsTBu0FMqSLigMEvyxt6gU3nP.jpg,
1477388,Sex On Phone (2025),Drama|Romance,2025,7.0,4,22.11,,https://image.tmdb.org/t/p/w500/47bqO9xMDiq7AlNG9241YRO33gi.jpg,
1295026,100 Meters (2025),Animation|Drama,2025,7.69,53,22.08,"Zdolny biegacz trenuje zdeterminowanego, ale pozbawionego umiejętności kolegę z klasy, nieświadomy, że pomaga rywalowi, któremu będzie musiał stawić czoła w przyszłości.",https://image.tmdb.org/t/p/w500/ftUHKZfXONnjuOGGpNeFCeAXbYF.jpg,
1035259,Naga broń (2025),Action|Comedy|Crime,2025,6.44,1323,22.06,Tylko jeden człowiek ma szczególny zestaw umiejętności… aby dowodzić policyjną jednostką specjalną! Porucznik Frank Drebin Jr. (Liam Neeson) podąża śladami ojca w komedii „Naga Broń”.,https://image.tmdb.org/t/p/w500/nQxzEVXAIFZcZ5AKnvwpB4MvSHu.jpg,
1175942,Pan Wilk i spółka 2 (2025),Family|Comedy|Crime|Adventure|Animation,2025,7.71,622,21.83,"Pan Wilk z przyjaciółmi chcą zdobyć zaufanie i akceptację w swoim nowym zmienionym życiu jako dobrzy obywatele. Ich spokój jednak zostanie przerwany, bo mają do wykonania „ostatnie zadanie”.",https://image.tmdb.org/t/p/w500/jEzJx1h7HBIXwmEgRBkSHnOGavd.jpg,
1083862,Resident Evil. Wyspa śmierci (2023),Action|Animation|Sci-Fi|Horror,2023,7.3,1073,21.74,"W San Francisco Jill Valentine ma do czynienia z epidemią zombie i nowym wirusem T, Leon Kennedy jest na tropie porwanego naukowca DARPA, a Claire Redfield bada potworną rybę, która zabija wieloryby w zatoce. Wraz z Chrisem Redfieldem i Rebeccą Chambers odkrywają, że wszystkie wskazówki z ich oddzielnych spraw zbiegają się w tym samym miejscu, na wyspie Alcatraz, gdzie zamieszkało nowe zło i czeka na ich przybycie.",https://image.tmdb.org/t/p/w500/ceZpfDCgJx4thP9apeOkYzi6uIo.jpg,
1220564,Tajny agent (2025),Crime|Drama|Thriller,2025,7.9,149,21.7,"Brazylia, 1977 r. W środku dyktatury wojskowej Marcelo, specjalista od technologii, ucieka przed tajemniczą przeszłością i wraca do Recife w poszukiwaniu spokoju. Wkrótce zdaje sobie sprawę, że miasto jest daleko od schronienia, którego szuka.",https://image.tmdb.org/t/p/w500/t1DQ4XXIqTm5LvUjz8jypN43JjZ.jpg,
338969,The Toxic Avenger Unrated (2025),Action|Comedy|Sci-Fi,2025,6.09,254,21.65,"Remak klasycznego widowiska z lat 80. Winston, który przypadkowo wpada do beczki z chemikaliami, nabywając dzięki temu specjalnych mocy. W rezultacie podejmuje walkę ze złoczyńcami prześladującymi jego rodzinne miasto.",https://image.tmdb.org/t/p/w500/cCWojb6N9UcTzNVtS4bOM3vQ30x.jpg,
1078605,Zniknięcia (2025),Horror|Mystery,2025,7.3,2734,21.63,"Kiedy wszystkie dzieci z tej samej klasy, poza jednym, tajemniczo przepadają bez wieści tej samej nocy o dokładnie tej samej godzinie, mieszkańcy miasteczka starają się dowiedzieć, kto lub co stoi za ich zniknięciem.",https://image.tmdb.org/t/p/w500/fr5qImekooiYvI3VYijy6cRvcPF.jpg,
1309129,Diabolisch (2025),Horror|Mystery,2025,7.0,3,21.56,,https://image.tmdb.org/t/p/w500/gm0e0W7QRTpima3aIGz2ZLU9pgm.jpg,
438631,Diuna (2021),Sci-Fi|Adventure,2021,7.78,14328,21.34,"Diuna opowiada historię niezwykłej, pełnej przygód i emocji podróży Paula Atreidesa (Timothée Chalamet). Temu genialnemu i utalentowanemu młodemu człowiekowi pisane jest wspaniałe przeznaczenie, którego on sam nie jest w stanie pojąć. Najpierw jednak Paul musi się udać na najbardziej niebezpieczną planetę we wszechświecie, żeby ratować rodzinę i rodaków. Na planecie wybucha zażarty konflikt o dostęp do niewystępującej nigdzie indziej, najcenniejszej ze znanych substancji. Wyzwala ona w ludziach ich największy potencjał. Ale wojnę przetrwają tylko ci, którzy pokonają swój strach.",https://image.tmdb.org/t/p/w500/4L3Dkdujbrq5EKcrVdWEdTEvhtb.jpg,
872585,Oppenheimer (2023),Drama|History,2023,8.04,11216,21.28,"Oppenheimer w czasie II Wojny Światowej był dyrektorem programu rozwoju broni jądrowej ""Manhattan"".  Poza działalnością związaną z bronią atomową Oppenheimer miał ogromne osiągnięcia w innych dziedzinach fizyki, między innymi w badaniach czarnych dziur oraz promieniowania kosmicznego. Resztę życia po opracowaniu bomby atomowej poświęcił na działalność na rzecz ograniczania rozprzestrzeniania się broni jądrowej. Był oskarżany przez amerykański rząd i służby o powiązania z ruchem komunistycznym oraz działalność szpiegowską. W latach 50. został pozbawiony dostępu do tajnych dokumentów. Dopiero prezydent Kennedy dokonał jego politycznej rehabilitacji. Oppenheimer jest dziś uznawany za jeden z symboli pacyfizmu i sprzeciwu wobec rozprzestrzeniania broni atomowej.",https://image.tmdb.org/t/p/w500/8Gxv8gSFCU0XGDykEGv7zR1n2ua.jpg,
957119,Dziewczyna Bad Boya (2025),Comedy|Romance,2025,6.27,140,21.18,"Dallas, utalentowana tancerka z wielkimi ambicjami spotyka Draytona, pewnego siebie i nieco zbuntowanego sportowca. Oboje skrywają tajemnice, a zderzenie tych dwóch, różnych z pozoru światów, nieoczekiwanie działa aż za dobrze. Czy on pomoże jej odnaleźć odwagę w walce o marzenia, a ona otworzy jego serce na uczucia? Jedno jest pewne – tu nie potrzeba cudów, tu wystarczy miłość.",https://image.tmdb.org/t/p/w500/nLiLTJta1pkGASjKiIxQsfLsRZb.jpg,
680,Pulp Fiction (1994),Thriller|Crime|Comedy,1994,8.49,29550,21.09,"Płatni mordercy, Jules i Vincent, dostają zlecenie, by odzyskać z rąk przypadkowych rabusiów tajemniczą walizkę bossa mafii. Nie dość tego, Vincent dostaje kolejną robotę - na czas nieobecności gangstera w mieście ma zaopiekować się jego poszukującą wrażeń żoną Mią. Vincent i Jules niespodziewanie wpadają po uszy, gdy przypadkowo zabijają zakładnika. Kłopoty ma też podupadły bokser, który otrzymał dużą sumę za przegranie swojej walki. Walkę jednak wygrywa, a Los Angeles staje się od tej chwili dla niego za małe. Specjaliści od mokrej roboty będą mieli co robić...",https://image.tmdb.org/t/p/w500/5Whi9po8MTPyUTxAioXfyXGHNQE.jpg,
603,Matrix (1999),Action|Sci-Fi,1999,8.24,27231,20.83,"Thomas Anderson wiedzie podwójne życie - na co dzień pracuje w koncernie Meta Cortechs jako programista, prywatnie jest genialnym hackerem, działającym pod nickiem Neo. Pewnego dnia nawiązuje z nim kontakt tajemniczy Morfeusz - człowiek, który obiecuje mu odkryć prawdę o rzeczywistości, w jakiej żyją. Prawdę o Matriksie. Prawdę o dwóch światach: prawdziwym i wygenerowanym, który ma tylko ""udawać"" rzeczywistość. Neo początkowo wbrew sobie przystaje do grupy kierowanej przez Morfeusza, stopniowo jednak sam zaczyna dostrzegać, że ze światem, w którym żył dotychczas, jest coś nie tak. Że jego życiem cały czas ktoś kierował. Kolejne stopnie wtajemniczenia stawiają przed Neo nowe pytania. Który ze światów jest prawdziwy? Czym jest Matrix i komu służy? I jaką rolę w planie Morfeusza ma do spełnienia sam Neo?",https://image.tmdb.org/t/p/w500/xiCMLkZOVlxFbvWJMHuf4FJvnuX.jpg,
346364,To (2017),Horror|Thriller|Drama,2017,7.24,20000,20.54,"Kiedy w mieście Derry w stanie Maine zaczynają znikać dzieci, grupa dzieciaków musi stawić czoła swoim największym lękom. Na ich drodze staje nikczemny klaun o imieniu Pennywise, który zapisał się na kartach historii jako morderca lubujący się w zadawaniu bólu. Film oparty jest na motywach niezwykle popularnej powieści Stephena Kinga pod tym samym tytułem, która przeraża czytelników od dziesięcioleci.",https://image.tmdb.org/t/p/w500/jDOMQ0fm9A97gy9aD9vF7MEKzJA.jpg,
296096,Zanim się pojawiłeś (2016),Drama|Romance,2016,7.9,13000,20.5,"Louisa „Lou” Clark mieszka w niewielkim angielskim miasteczku i nie wie jeszcze, co zrobić ze swoim życiem. Ekscentryczna 26-latka próbuje sił w wielu dziedzinach, by pomóc swej rodzinie związać koniec z końcem. Zostaje opiekunką Willa Traynora, młodego, bogatego bankiera, którego losy całkowicie zmieniły się na skutek tragicznego zdarzenia sprzed dwóch lat. Niegdyś pełen energii, dziś cyniczny do szpiku kości Will wyzbył się już wszelkiej nadziei na szczęście. Dziewczyna postanawia pokazać mu, że jest jeszcze inna droga…",https://image.tmdb.org/t/p/w500/buXLAzlRynNQK2qjSCBXJ5khnia.jpg,
939243,Sonic 3. Szybki jak błyskawica (2024),Action|Sci-Fi|Comedy|Family,2024,7.64,3102,20.49,"Sonic, Knuckles i Tails ponownie łączą siły przeciwko potężnemu nowemu przeciwnikowi, Shadowowi. Shadow to tajemniczy złoczyńca z mocami niepodobnymi do niczego, z czym mieli do czynienia wcześniej. Drużyna Sonica musi szukać nieprawdopodobnego sojuszu w nadziei na powstrzymanie złoczyńcy i ochronę planety.",https://image.tmdb.org/t/p/w500/jB2YMUEq4xbQAcL2q1mhCcPeEFP.jpg,
13,Forrest Gump (1994),Comedy|Drama|Romance,1994,8.46,29109,20.39,"W ciągu trzech burzliwych dekad, Forrest zmienia się z lekceważonego inwalidy w gwiazdę amerykańskiego futbolu; z bohatera wojny w Wietnamie staje się królem krewetek; od honorów Białego Domu przechodzi w ramiona ukochanej. Jest odzwierciedleniem naszej epoki, ostatnim niewinnym w czasach, kiedy Ameryka utraciła swą niewinność. Serce podpowiada mu w sprawach, których nie ogarnia jego umysł. Jest człowiekiem zasad, a jego sukcesy inspirują wszystkich. ""Forrest Gump"". Oto historia pewnego życia.",https://image.tmdb.org/t/p/w500/iixrNXX79OR7knBx1i9S51PfVlz.jpg,
372058,Twoje imię. (2016),Animation|Romance|Drama,2016,8.48,12226,20.18,"Historia nastolatków Mitsuhy i Takiego. Dziewczyna mieszka na wsi z babcią i młodszą siostrą. Natomiast Taki to przeciętny obywatel stolicy, rezyduje w Tokio, gdzie uczy się i pracuje po lekcjach. Pewnej nocy, Mitsuha i Taki zamieniają się ciałami na jeden dzień. Ten incydent zaczyna się powtarzać coraz częściej. W międzyczasie do Ziemi zbliża się kometa, która prawdopodobnie stanowi źródło opisanego fenomenu.",https://image.tmdb.org/t/p/w500/yLglTwyFOUZt5fNKm0PWL1PK5gm.jpg,
1255718,Plainclothes (2025),Drama|Romance|Crime|Thriller,2025,7.65,26,20.13,,https://image.tmdb.org/t/p/w500/bT5QN5QARV5TblAt9jDVQQsnSec.jpg,
121,Władca Pierścieni: Dwie wieże (2002),Adventure|Fantasy|Action,2002,8.41,23292,20.02,"Mrok gęstnieje nad światem. Po rozpadzie drużyny cel misji staje się coraz bardziej odległy. Frodo i Sam wędrują samotnie do Mordoru. Na ich drodze staje jednak Gollum, dawny właściciel pierścienia. Gandalf zwycięża Barloga, ale to dopiero początek jego zmagań z siłami zła. Pozostała część drużyny idąc tropem orków trafia do Fangornu, gdzie spotykają Gandalfa. Nadszedł czas, aby rozprawić się Sarumanem, który opętał władcę Rohanu, królestwa ludzi. Frodo i Sam prowadzeni przez Golluma, któremu Frodo darował życie, docierają do Czarnej Bramy. Tymczasem Merry i Pippin uciekają orkom i trafiają na Drzewca, starego Enta. Kiedy wszystko zaczyna się układać, Saruman, który stworzył potężną armię, postanawia zaatakować Rohańczyków. Rozpoczyna się bitwa, która może zadecydować o losie wyprawy - bitwa o Helmowy Jar.",https://image.tmdb.org/t/p/w500/4oDm6P1FUAegMFfQBVhWIkNcaqk.jpg,
170,28 dni później (2002),Horror|Thriller|Sci-Fi,2002,7.24,8099,19.97,"Śmiertelnie niebezpieczny wirus wymyka się spod kontroli. Przenoszony poprzez krew powoduje u zainfekowanych morderczą agresję. W ciągu 28 dni kraj opanowuje epidemia, a nieliczni pozostali przy życiu za wszelką cenę starają się przerwać rozprzestrzenianie wirusa i ocalić przyszłość. Nie zdają sobie sprawy, że śmiertelny wirus nie jest jedynym grożącym im niebezpieczeństwem.",https://image.tmdb.org/t/p/w500/uqqqHwEJxzY3ksGHGmQQaotltWa.jpg,
1007734,Nikt 2 (2025),Action|Thriller,2025,7.02,1182,19.74,"Mieszkający na przedmieściach ojciec Hutch Mansell, były zabójca-śmiertelnik, zostaje wciągnięty w swoją mroczną przeszłość po udaremnieniu włamania do domu, co uruchamia ciąg wydarzeń, które ujawniają tajemnice z przeszłości jego żony Beccy, a także jego własnej.",https://image.tmdb.org/t/p/w500/tH4zg6SqNSlP5ufXGcw9DIp7odv.jpg,
497,Zielona mila (1999),Fantasy|Drama|Crime,1999,8.5,18731,19.63,"Paul Edgecomb jest pensjonariuszem domu starców. Kiedy pewnego razu ogląda w telewizji przedwojenny film, wzrusza się i przypomina sobie dawne czasy. Ze wspomnień zwierza się koleżance, opowiadając historię ze swojej młodości, kiedy jako strażnik bloku śmierci w 1935 roku odprowadzał więźniów na krzesło elektryczne. Ostatnia droga skazańców wiodła przez korytarz wyłożony zielonym linoleum nazywany ""zieloną milą"". Pewnego razu na blok trafił ogromny czarnoskóry więzień - John Coffey, skazany za zabójstwo dwóch dziewczynek. Szybko okazało się jednak, że ma on zdolność uzdrawiania, a Edgecomb postawiony został przed decyzją, która zaważy na całym jego życiu.",https://image.tmdb.org/t/p/w500/brSYDZZ2epodl8lxdzaQqYapNlM.jpg,
1063875,Louise Violet (2024),Drama|History,2024,7.0,52,19.52,"Francja. Koniec XIX wieku. Louise Violet (Alexandra Lamy), 40-letnia paryska nauczycielka, zostaje wysłana na misję na francuską wieś. Ale w miejscu, gdzie codzienne życie jest powiązane z porami roku, ziemią i uprawami, musi najpierw przekonać rodziców, aby posłali swoje dzieci do szkoły. Z pomocą burmistrza zostaje stopniowo zaakceptowana przez rodziców i ich dzieci. Ale wkrótce jej przeszłość ją dopada. Pomimo przeszkód, z którymi się mierzy, panna Violet odda swoje serce i duszę przekonaniu, że edukacja jest kluczem do wolności.",https://image.tmdb.org/t/p/w500/hiLH2NmpQxInDszcjkMhBuStyQB.jpg,
1159559,Krzyk 7 (2026),Horror|Mystery|Crime,2026,0.0,0,19.48,"Gdy w miasteczku, gdzie Sidney Prescott próbuje ułożyć sobie na nowo życie, pojawia się kolejny Ghostface, przeszłość powraca do niej z niepowstrzymaną siłą. Tym razem to nie ona jest celem zabójcy, lecz jej córka Tatum. Aby zapobiec najgorszemu, Sidney będzie musiała ponownie stanąć twarzą w twarz z upiorną maską i zapłacić nadzwyczaj wysoką cenę.",https://image.tmdb.org/t/p/w500/qr4AR51yUxV90OrJWfCP79WlVJE.jpg,
346698,Barbie (2023),Comedy|Adventure,2023,6.93,10669,19.43,"Barbieland to bajkowa kraina, w której każda Barbie odnosi niesamowite sukcesy, wiodąc bajkowe życie pełne zabawy, brokatu i pięknych kreacji! Nieodłącznym elementem codzienności każdej lalki jest radość i tocząca się dookoła niej egzystencja w cukierkowym świecie pozbawionym zmartwień. Wszystko zmienia się kiedy stereotypowa Barbie doświadcza pierwszych sennych koszmarów, które stopniowo przeradzają się w egzystencjalny kryzys…",https://image.tmdb.org/t/p/w500/iuFNMS8U5cb6xfzi51Dbkovj7vM.jpg,
1726,Iron Man (2008),Action|Sci-Fi|Adventure,2008,7.65,27639,19.41,"""Iron Man"" to historia miliardera, przemysłowca i genialnego wynalazcy Tony’ego Starka (Robert Downey Jr.), szefa Stark Industries, głównego dostawcy broni dla rządu USA. Beztroski styl życia Tony’ego zmienia się na zawsze, kiedy po testach przeprowadzanych z nową bronią, jego konwój zostaje zaatakowany, a on sam porwany przez rebeliantów. Ranny od pocisku, który utkwił w pobliżu serca, Tony zostaje zmuszony do skonstruowania potężnej broni dla Razy (Faran Tahir), tajemniczego przywódcy rebeliantów. Nie zważając jednak na żądania porywaczy, Tony wykorzystuje swój intelekt i geniusz, aby skonstruować zbroję, która utrzyma go przy życiu i pomoże w ucieczce.",https://image.tmdb.org/t/p/w500/78lPtwv72eTNqFW9COBYI0dWDJa.jpg,
129,Spirited Away: W krainie Bogów (2001),Animation|Family|Fantasy,2001,8.53,17842,19.41,"Chihiro jest kapryśną, upartą dziesięcioletnią dziewczynką, która uważa, że cały świat powinien spełniać jej zachcianki. Gdy rodzice oznajmiają jej, że trzeba będzie wyprowadzić się z domu, Chihiro jest z tego powodu zła i nie myśli tego ukrywać. Zabrnąwszy w tajemniczą ślepą uliczkę, rodzina staje nagle przed ogromnym czerwonym domem, do którego wnętrza prowadzi niekończący się tunel, rozwarty jak ogromne usta. Wkrótce okazuje się, że Chihiro i jej rodzice wtargnęli do świata zamieszkanego przez starożytnych bogów i magiczne stworzenia, świata, którym rządzi demoniczna czarownica, okrutna Yubaba.",https://image.tmdb.org/t/p/w500/gSqglWhte6Q3zT71ovD1Ww4ckzd.jpg,
385687,Szybcy i wściekli 10 (2023),Action|Crime|Thriller,2023,7.0,6160,19.4,"Od kiedy Dom Toretto (Vin Diesel) rozpoczął swoją przygodę w świecie nielegalnych wyścigów po ulicach Los Angeles, razem z rodziną musiał pokonać niebywałe trudności, aby przechytrzyć i prześcignąć każdego rywala. Gdy jego zespół wyprowadził w pole podłego brazylijskiego mafiosa, nie miał pojęcia, że z boku przygląda się temu jego syn Dante (Jason Momoa). Teraz Dante staje się nowym przeciwnikiem, o wiele groźniejszym niż dotychczasowi. Jest żądny zemsty i zdeterminowany, by zniszczyć wszystko i każdego, kogo kocha Dom.",https://image.tmdb.org/t/p/w500/3sFkBUkZtGb7bhVMi5uv1MdKlis.jpg,
502356,Super Mario Bros. Film (2023),Family|Comedy|Adventure|Animation|Fantasy,2023,7.6,10200,19.3,"""Super Mario Bros. Film"" to najnowsza animacja studia Illumination, które stworzyło uwielbiane przez wszystkich ""Minionki"" oraz ""Sing"". Minionki pokochali widzowie w każdym wieku na całym świecie. Są jednymi z najpopularniejszych animowanych postaci. Teraz studio Illumination stworzyło animację o bohaterze gry komputerowej i z pewnością dostarczą widzom wielu wspaniałych emocji. Produkcja jest oparta na kultowej grze komputerowej z lat osiemdziesiątych ""Super Mario Bros"". Gra ma wielu fanów do dziś i jest jedną najpopularniejszych w historii.",https://image.tmdb.org/t/p/w500/sLE6bkOri1h0T2VFZAp5rDxyIUN.jpg,
303991,Destrukcja (2016),Comedy|Drama,2016,6.84,2410,19.24,"Odnoszący sukcesy bankier inwestycyjny Davis (Jake Gyllenhaal) próbuje uporać się ze śmiercią żony, którą stracił w wyniku tragicznego wypadku samochodowego. Nie pomaga mu w tym presja, którą wywiera teść (Chris Cooper), mimo to Davis stara się, by życie wróciło do normalnego biegu. Któregoś dnia Davis wysyła skargę na niedziałający automat z napojami i słodyczami, jaki możemy spotkać na każdym rogu. Tak zaczyna się korespondencja między nim a pracującą w firmie zajmującej się automatami Karen (Naomi Watts). Korespondencja, która coraz częściej zawiera wątki osobiste, wkrótce tworzy między nimi głęboką osobistą więź. Z pomocą Karen i jej piętnastoletniego syna (Judah Lewis), Davis zaczyna odzyskiwać równowagę wewnętrzną, stopniowo wydostając się z bezbrzeżnej otchłani rozpaczy.",https://image.tmdb.org/t/p/w500/umJAX1W8oUKuaH6J2qzsJNmwd5u.jpg,
949709,Porwany lot (2024),Action|Crime,2024,5.95,31,19.2,"Gao Haojun, ekspert do spraw bezpieczeństwa międzynarodowego, zostaje porwany przez uzbrojonych mężczyzn podczas pierwszego lotu samolotu A380. Jedną z tajnych zakładniczek jest jego niewidoma córka, o czym on sam nie wie.",https://image.tmdb.org/t/p/w500/b8xNJ39aOtEk3I7MFt8XJuN2bGS.jpg,
1304625,Campamento Garra de Oso (2025),Comedy|Family,2025,5.08,6,19.2,,https://image.tmdb.org/t/p/w500/9VZSbOxvHTOy8cDpk5YoXItsgIX.jpg,
1578018,Bendito corazón (2025),Drama,2025,0.0,0,19.17,,https://image.tmdb.org/t/p/w500/bfburbW7SnLBscRe2hWneN6z9vB.jpg,
299534,Avengers: Koniec gry (2019),Adventure|Sci-Fi|Action,2019,8.24,27142,19.14,"Po dramatycznych wydarzeniach z filmu ""Avengers: Wojna bez granic"" Iron Man samotnie dryfuje po kosmosie, połowa superbohaterów przestała istnieć, a Kapitan Ameryka próbuje pogodzić się z porażką. Świat już nigdy nie będzie taki sam, a ocaleni muszą nauczyć się żyć w nowych warunkach. Nie wszyscy jednak dają za wygraną. Gdy w bazie Avengers pojawia się Ant-Man, w głowach herosów rodzi się szalony plan zmiany obecnego stanu rzeczy. Czy jest możliwe odwrócenie ""Efektu Thanosa"" i przywrócenie do naszego świata tych, co odeszli? Iron Man, Kapitan Ameryka, Thor, Hulk, Czarna Wdowa i pozostali zbierają się ponownie, żeby wyruszyć w pełną przygód podróż po najważniejszych momentach w historii Avengers.",https://image.tmdb.org/t/p/w500/58D6muzcoc5JvFoVJvCyEafAiw0.jpg,
1225624,On Falling (2025),Drama,2025,7.1,27,18.99,"Aurora jest portugalską magazynierką pracującą w Szkocji. Uwięziona między ograniczeniami swojego miejsca pracy a samotnością mieszkania współdzielonego, stara się przeciwstawić samotności, wyobcowaniu, które zaczynają zagrażać jej poczuciu własnej wartości.",https://image.tmdb.org/t/p/w500/kBnNDABP0rIkXdxJV3OcyOlTLT3.jpg,
948184,Mo Shi Lu (2024),Crime|Mystery|Thriller|Drama,2024,7.0,21,18.91,"Po tajemniczym zniknięciu córeczki młode małżeństwo zaczyna otrzymywać dziwne filmy i zdaje sobie sprawę, że ktoś sfilmował ich codzienne życie, nawet najbardziej intymne chwile. Policja objęła dom obserwacją, próbując zaskoczyć podglądacza, ale rodzina zaczyna się rozpadać, gdy pod czujnym okiem oczu obserwujących ją ze wszystkich stron na jaw wychodzą tajemnice.",https://image.tmdb.org/t/p/w500/6ohJCscMK2GWyR03eg1pccqrxBp.jpg,
693134,Diuna: Część druga (2024),Sci-Fi|Adventure,2024,8.13,7409,18.9,"Film ukazuje imponującą podróż Paula Atrydy, który zawiera sojusz z Chani i Fremenami. Jednocześnie wkracza na wojenną ścieżkę, pałając żądzą zemsty na spiskowcach, którzy doprowadzili do upadku jego rodziny. Stając przed wyborem między miłością życia a losem znanego wszechświata, Paul pragnie zapobiec tragicznej przyszłości, którą tylko on potrafi przewidzieć.",https://image.tmdb.org/t/p/w500/xdfO6EB9e59qZpzmHxezTdPfTxZ.jpg,
519182,Gru i Minionki: Pod przykrywką (2024),Family|Comedy|Animation|Sci-Fi,2024,7.0,3033,18.88,"Gru, ulubiony super-złoczyńca świata, powraca w ekscytującej, nowej odsłonie komedii animowanej „Gru i Minionki: Pod przykrywką”. Gru i Lucy oraz ich córeczki: – Margo , Edith i Agnes powitają nowego członka rodziny Gru juniora. Gru będzie musiał zmierzyć się z nowym nemezis w postaci Maxime’a Le Mala i jego femme fatale, Valentiny. Pełen nieprzerwanej akcji i charakterystycznego, przewrotnego humoru film „Gru i Minionki: Pod Przykrywką” został wyreżyserowany przez nominowanego do Oscara® Chrisa Renauda i wyprodukowany przez Illumination.",https://image.tmdb.org/t/p/w500/92a2vvO8wysBryFlC8QgyX3CuJA.jpg,
122917,Hobbit: Bitwa Pięciu Armii (2014),Action|Adventure|Fantasy,2014,7.33,15026,18.76,"Filmowa adaptacja książki J.R.R. Tolkiena, będącej wstępem do słynnego ""Władcy Pierścieni"", to opowieść pełna niesamowitych wydarzeń i magicznych postaci. Przedstawia odwieczną walkę dobra ze złem. Po wielkim sukcesie pierwszych dwóch części trylogii – ""Hobbit: Niezwykła podróż"" oraz ""Hobbit: Pustkowie Smauga"", nadszedł czas na film zamykający niezwykłe dzieło Petera Jacksona: ""Hobbit: Bitwa Pięciu Armii"". Drużyna dowodzona przez Thorina Dębową Tarczę dotarła do Samotnej Góry, której skarbu strzeże potężny Smaug. Czy Bilbo i jego towarzysze pokonają smoka i odzyskają legendarny Erebor?",https://image.tmdb.org/t/p/w500/m3Lfi8084o3oGrbJ3oGJvToM2no.jpg,
1196573,Ona jedzie z przodu (2025),Action|Thriller|Crime,2025,7.1,210,18.63,"Nate, były więzień, musi chronić swoją 11-letnią córkę Polly przed skorumpowanym szeryfem i brutalnym przywódcą gangu, który nie cofnie się przed niczym, by chronić swoje brudne interesy.",https://image.tmdb.org/t/p/w500/h70XK5sOv5Wp9jwsW6k6y330xlS.jpg,
22,Piraci z Karaibów. Klątwa Czarnej Perły (2003),Adventure|Fantasy|Action,2003,7.8,21766,18.58,"Karaiby, wiek XVIII. Beztroskie, wręcz idylliczne, pirackie życie pełnego zawadiackiego wdzięku Kapitana Jacka Sparrowa (Johnny Depp), wali się w gruzy, gdy dosięga go ręka Nemesis w osobie przebiegłego i podstępnego Kapitana Barbossy (Geoffrey Rush), który ukradł wcześniej jego statek Czarną Perłę. Barbossa atakuje miasto Port Royal i porywa córkę gubernatora, piękną Elizabeth (Keira Knightley). Sparrow zawiera sojusz z Willem Turnerem (Orlando Bloom), zdeterminowanym, by uratować ukochaną i razem ruszają w pościg za Czarną Perłą na skradzionym, najszybszym okręcie brytyjskiej floty. Will nie wie jednak, że na kapitanie Barbossie i całej jego załodze ciąży straszliwa klątwa związana z ukrytym skarbem.",https://image.tmdb.org/t/p/w500/uqReraSvOaQXLkFp3TjqQQT2daf.jpg,
585,Potwory i spółka (2001),Animation|Comedy|Family,2001,7.85,19383,18.58,"Monstropolis to miasto zamieszkane przez potwory. W jego centrum znajduje się fabryka strachu Potwory i Spółka, gdzie w pocie czoła pracują: prawdziwy mistrz straszenia, James P. Sullivan, zwany Sulley, oraz jego najlepszy przyjaciel i pomocnik Mike Wazowski. Sulley i Mike co noc otwierają szafy w dziecięcych pokojach, by straszyć maluchy i przetwarzać ich krzyki na źródło energii. Wykonując swoją pracę, potwory głęboko wierzą, iż dzieci są toksyczne i niebezpieczne, a bezpośredni kontakt z nimi może mieć – nomen omen – potworne skutki. Kiedy więc mała dziewczynka o imieniu Boo trafia przypadkiem do ich świata, wybucha prawdziwa panika. Mike i Sulley robią wszystko, by odesłać Boo z powrotem do domu. Niestety okazuje się, że jest to bardziej skomplikowane, niż przypuszczali…",https://image.tmdb.org/t/p/w500/qJmzDAxAnPcV9DnBmPCWXjuGpOQ.jpg,
333371,Cloverfield Lane 10 (2016),Thriller|Sci-Fi|Drama|Horror,2016,7.0,8431,18.58,"Mroczny, pełen tajemnic thriller. Po dramatycznym wypadku samochodowym, młoda kobieta odzyskuje przytomność w podziemnym schronie. Od mężczyzny, który się nią opiekuje, dowiaduje się, że nie tylko ocalił jej życie. Śmiercionośny atak chemiczny skaził ziemię, czyniąc ją niemożliwą do zamieszkania. Zdezorientowana, przerażona kobieta decyduje, że musi wydostać się ze schronu, bez względu na to, co zastanie po wyjściu na ziemię. Z każdą chwilą film staje się coraz bardziej mroczny i wstrząsający.",https://image.tmdb.org/t/p/w500/tSbrCHQPsxFZAOjCBnx5jpAlHOC.jpg,
411,"Opowieści z Narnii: Lew, Czarownica i stara szafa (2005)",Adventure|Family|Fantasy,2005,7.1,11256,18.49,"Adaptacja powieści C.S. Lewisa. Wiatr historii zmusza czwórkę rodzeństwa do zamieszkania w domu ekscentrycznego profesora. Wkrótce Łucja, Zuzanna, Edmund i Piotr odkrywają w starej szafie przejście do magicznej krainy zwanej Narnią.",https://image.tmdb.org/t/p/w500/mLozkymFZgzkEyQhC8yAqcbYGaG.jpg,
361743,Top Gun: Maverick (2022),Action|Drama,2022,8.16,10493,18.43,"Po ponad 20 latach służby w lotnictwie marynarki wojennej, Pete ""Maverick"" Mitchell zostaje wezwany do legendarnej szkoły Top Gun. Ma wyszkolić nowe pokolenie pilotów do niezwykle trudnej misji.",https://image.tmdb.org/t/p/w500/qhzWJ17EYcvyM8fQZLj8S5C7p4J.jpg,
216015,Pięćdziesiąt twarzy Greya (2015),Drama|Romance|Thriller,2015,5.88,12222,18.42,"Studentka literatury Anastasia Steele przeprowadza wywiad z młodym przedsiębiorcą Christianem Greyem. Niezwykle przystojny i błyskotliwy mężczyzna budzi w młodej dziewczynie szereg sprzecznych emocji. Fascynuje ją, onieśmiela, a nawet budzi strach. Przekonana, że ich spotkania nie należało do udanych, próbuje o nim zapomnieć – tyle że on zjawia się w sklepie, w którym Ana pracuje, i prosi o drugie spotkanie. Dziewczyna odkrywa, że pragnie tego mężczyzny. Że po raz pierwszy zaczyna rozumieć, czym jest pożądanie w swej najczystszej, pierwotnej postaci. Instynktownie czuje też, że nie jest w swej fascynacji osamotniona. Nie wie tylko, że Christian to człowiek opętany potrzebą sprawowania nad wszystkim kontroli i że pragnie jej na własnych warunkach…",https://image.tmdb.org/t/p/w500/oi94Yz5CahYWs5nZBNln9lDsPh7.jpg,
109445,Kraina lodu (2013),Animation|Family|Adventure|Fantasy,2013,7.25,17281,18.42,"Anna wyrusza na wielką wyprawę, by odnaleźć swoją siostrę Elsę, której magiczna moc uwięziła królestwo Arendelle w okowach wiecznej zimy. W poszukiwaniach towarzyszy jej Kristoff, przed którym górskie szlaki nie kryją żadnych tajemnic i jego lojalny renifer Sven. Podczas misji ocalenia królestwa przyjaciele zmierzą się z surową pogodą, napotkają niebotyczne góry, tajemnicze trolle i zabawnego bałwana o imieniu Olaf.",https://image.tmdb.org/t/p/w500/ydbRzsNjAbclgWYHDkZKlgaKZoR.jpg,
1327862,Gdyby nie ty (2025),Romance|Drama,2025,7.03,250,18.37,"Film opowiada historię Morgan Grant i jej nastoletniej córki Clary, których już i tak napięta relacja zostaje wystawiona na próbę po tragicznym wypadku, który ujawnił szokującą zdradę. W obliczu rodzinnych sekretów, które wychodzą na jaw, Morgan i Clara muszą zmierzyć się z przeszłością, poradzić sobie z żałobą i na nowo zdefiniować, czym są miłość i zaufanie — zarówno wobec siebie, jak i wobec innych.",https://image.tmdb.org/t/p/w500/nZ51deXz2dOz5Kd1BSNL0UpDszx.jpg,
986056,Thunderbolts* (2025),Action|Sci-Fi|Adventure,2025,7.31,3100,18.34,"Grupa złoczyńców zostaje zrekrutowana przez rząd, aby wykonać tajną misję. Współpraca pod presją pokaże, czy złoczyńcy potrafią stać się bohaterami, zanim dosięgnie ich przeszłość.",https://image.tmdb.org/t/p/w500/pWqAVY0GR6IsSluS4M9JccDtOI6.jpg,
507089,Pięć koszmarnych nocy (2023),Horror|Thriller,2023,7.4,4830,18.29,"Historia stróża nocnego, który rozpoczyna pracę w Freddy Fazbear's Pizza. Już pierwszej nocy zdaje sobie sprawę, że ta praca u Freddy'ego nie będzie taka łatwa.",https://image.tmdb.org/t/p/w500/njcmQGiH38aljwWOD16eQa73BAP.jpg,
650524,尋秦記 (2025),Action|Sci-Fi|Comedy,2025,7.6,5,18.28,,https://image.tmdb.org/t/p/w500/h3OUaPfCaFmzwB2eMHik50RsXlP.jpg,
1124566,Wartość sentymentalna (2025),Drama,2025,7.61,312,18.26,"Po śmierci matki Nora i Agnes ponownie dostrzegają w swoim życiu ojca Gustava. Dawniej znany reżyser filmowy napisał scenariusz, w którym chciał, aby główną rolę zagrała Nora, obecnie aktorka, ale ona kategorycznie odmówiła. Podczas retrospektywy poświęconej jemu na francuskim festiwalu Gustav poznał młodą gwiazdę Hollywood, która poruszona jednym z jego filmów wyraziła chęć współpracy z nim. Zaproponował jej rolę pierwotnie przeznaczoną dla Nory, widząc w tym nieoczekiwaną szansę na ponowne rozpoczęcie kariery. Kręcenie filmu w Norwegii staje się dla Gustava okazją do zmierzenia się ze swoimi demonami i daje mu ostatnią szansę na odbudowanie relacji z córkami.",https://image.tmdb.org/t/p/w500/7usTJBFqp8bY0vEWwMYwPtiWnb6.jpg,
912649,Venom 3: Ostatni taniec (2024),Action|Sci-Fi|Adventure,2024,6.67,3959,18.2,"Eddie i Venom są zmuszeni do ucieczki przed przeciwnikami z różnych światów. Eddiego ściga FBI, aby go przesłuchać w sprawie zagadkowej śmierci policjanta i innych niewytłumaczalnych wydarzeń, które miały miejsce w katedrze w San Francisco. A Venom to klucz do wolności strasznego Knulla, który przy pomocy swoich wysłanników przeszukuje miliony planet, by ten klucz znaleźć. Duet będzie zmuszony do podjęcia druzgocącej decyzji.",https://image.tmdb.org/t/p/w500/yOQAyQAka0h2Hl9sLnCS9wpLHjl.jpg,
348,Obcy: 8 pasażer Nostromo (1979),Horror|Sci-Fi,1979,8.2,15917,17.73,"W pierwszym rozdziale przerażającej sagi ""Obcy"", załoga statku Nostromo odpowiada na sygnał wołania o pomoc pochodzący z opustoszałej planety i odkrywa śmiercionośną formę życia, która wykorzystuje ludzkie ciało do swego rozwoju. Teraz wszyscy na pokładzie muszą walczyć nie tylko o życie, lecz także o przetrwanie całego gatunku ludzkiego.",https://image.tmdb.org/t/p/w500/nJmcM3Kw0vOeaErYu9pIzKs9ZRW.jpg,
1184918,Dziki robot (2024),Animation|Sci-Fi|Family|Adventure|Drama,2024,8.32,5649,17.68,"ROZZUM jest robotem, jednostką 7134. Rozbija się na niezamieszkanej wyspie i musi nauczyć dostosowywać do surowego otoczenia. Stopniowo zaczyna budować relacje z tamtejszymi zwierzętami i staje się również przybranym rodzicem osieroconej gęsi. Animacja oparta jest na bestsellerowej książce dla dzieci o tym samym tytule i opowiada o odkrywaniu siebie oraz bada, co to znaczy być żywym i połączonym ze wszystkimi istotami.",https://image.tmdb.org/t/p/w500/FTd11HGc8FfkBChRCrFAxtjJJm.jpg,
11,Gwiezdne wojny: Część IV - Nowa nadzieja (1977),Adventure|Action|Sci-Fi,1977,8.2,21834,17.39,"Dawno, dawno temu w odległej galaktyce... Rycerze Jedi zostali wytępieni, a Imperium żelazną ręka sprawuje rządy nad całą galaktyką. Mała grupa Rebeliantów podejmuje walkę kradnąc tajne plany najpotężniejszej broni Imperium - tzw. Gwiazdy Śmierci. Najbardziej zaufany sługa Imperatora - Darth Vader musi odzyskać plany i odnaleźć ukrytą bazę buntowników. Księżniczka Leia - wzięta do niewoli przywódczyni Rebeliantów, wysyła sygnał z wezwaniem pomocy, który zostaje przechwycony przez zwykłego chłopaka z farmy - Luke'a Skywalkera. Wychodząc naprzeciw swemu przeznaczeniu, Luke podejmuje wyzwanie i rusza na ratunek Księżniczce chcąc pomóc Rebeliantom w obaleniu Imperium. W misji pomagają mu niezwykli sojusznicy - mądry Obi-Wan Kenobi, nieco arogancki gwiezdny awanturnik Han Solo i jego lojalny towarzysz Chewbacca a także dwa droidy R2-D2 i C-3PO.",https://image.tmdb.org/t/p/w500/9PK6osXKzgCBojJmSsAVZCr3ehD.jpg,
8587,Król Lew (1994),Family|Animation|Drama|Adventure,1994,8.26,19290,17.17,"Opowieść o Simbie lwiątku, dziedzicu Lwiej Krainy. Za sprawą knowań złego stryja Skazy, Simba musi opuścić rodzinne strony. Samotny i porzucony, trafia pod opiekę wesołych i beztroskich kompanów Timona i Pumby. Dorasta, wiodąc wraz z nimi radosne, pełne przygód życie, zapominając o odpowiedzialności i królewskim dziedzictwie. Przeznaczenie jednak daje o sobie znać. Simba przekonuje się, że nadszedł czas powrotu i objęcia we władanie Lwiej Krainy. Musi znaleźć w sobie dość odwagi, by przeciwstawić się złemu stryjowi Skazie, stoczyć z nim zaciekłą walkę i zająć należne mu w odwiecznym „kręgu życia” miejsce.",https://image.tmdb.org/t/p/w500/lmr1fwOi03T3BRS1cnPqxW64MkZ.jpg,
424,Lista Schindlera (1993),Drama|History|War,1993,8.56,17003,16.71,"Oskar Schindler jest poważanym niemieckim przemysłowcem, który podczas II wojny światowej jest właścicielem dużej fabryki, w której w nieludzkich warunkach pracują Żydzi. Widząc cierpienie tych ludzi zaczyna ratować ich przed śmiercią w obozach koncentracyjnych. Film oparty jest na prawdziwej historii Oskara Schindlera, który podczas wojny ocalił przed śmiercią około 1100 ludzkich istnień.",https://image.tmdb.org/t/p/w500/7mYojklW12jrWzvjxipWFeUnO9M.jpg,
105,Powrót do przyszłości (1985),Adventure|Comedy|Sci-Fi,1985,8.32,21283,16.34,"Połowa lat 80, miasteczko Hill Valley... Młody, sympatyczny Marty (Michael J. Fox) przyjaźni się z pewnym osobliwym, starszym człowiekiem, doktorem Emmetem Brownem (Christopher Lloyd). Kiedy Marty przenosi się w czasie za pomocą wehikułu czasu skonstruowanego przez doktora, z przerażeniem odkrywa, że cofnął się o 30 lat wstecz... Na dodatek, zaraz po przybyciu zostaje przypadkowo potrącony przez swojego dziadka, a jego matka (oczywiście 30 lat młodsza) zakochuje się w nim... Marty musi w ciągu kilku dni znaleźć sposób na to, aby jego rodzice się w sobie zakochali, poradzić sobie z bandą opryszków, którzy prześladują jego ojca i przede wszystkim wrócić do swojego domu, do roku 1985...",https://image.tmdb.org/t/p/w500/2fEoQxuMRzebtqwHICuyM6B0HTH.jpg,
475557,Joker (2019),Crime|Thriller|Drama,2019,8.13,27183,16.07,"Historia jednego z cieszących się najgorszą sławą super-przestępców uniwersum DC — Jokera po raz pierwszy na wielkim ekranie. Przedstawiony przez Phillipsa obraz kultowego czarnego charakteru, Arthura Flecka, człowieka zepchniętego na margines, to nie tylko kontrowersyjne studium postaci, ale także opowieść ku przestrodze w szerszym kontekście.",https://image.tmdb.org/t/p/w500/opwCl56Zi8mextLETtM3d0ryVFU.jpg,
12445,Harry Potter i Insygnia Śmierci: Część II (2011),Adventure|Fantasy,2011,8.08,21580,15.75,W drugiej części widowiskowego zakończenia serii walka sił dobra z siłami zła świata czarodziejów przeistacza się w otwartą wojnę. Stawka nigdy nie była tak wysoka; nikt nie może czuć się bezpieczny. Być może w trakcie nieuchronnie zbliżającej się ostatecznej rozgrywki z Lordem Voldemortem to Harry Potter będzie zmuszony do ostatecznego poświęcenia. Tak kończy się cała opowieść.,https://image.tmdb.org/t/p/w500/4cQJQz9gNvhLQaF1cXKYDmjTEUj.jpg,
769,Chłopcy z ferajny (1990),Drama|Crime,1990,8.45,13919,15.54,"W filmie ""Chłopcy z ferajny"" w formie epizodów opowiedziana zostaje autentyczna historia kariery nowojorskiego mafiozo, Henry'ego Hilla (Ray Liotta), który w ciągu 30 lat, od popełniającego małe przestępstwa gangstera, dochodzi do kierowniczego stanowiska w mafijnej hierarchii. Na podstawie relacji jednego z wtajemniczonych w sprawy mafii, film pokazuje kompleksowy obraz życia pojedynczego mafiozo, które nacechowane jest dążeniem do władzy, śmiertelnym strachem i męskimi rytuałami.",https://image.tmdb.org/t/p/w500/m9taboMOrt6h7sTLkGfOBSqp3qr.jpg,
10681,WALL-E (2008),Animation|Family|Sci-Fi,2008,8.11,19820,15.38,"Co się stanie, jeżeli ludzie opuszczą kiedyś Ziemię i pozostanie na niej jedynie mały robot? WALL.E (Wysypiskowy Automat Likwidująco Lewarujący. E-klasa) przez siedemset lat w samotności oczyszcza Ziemię z odpadów pozostawionych przez ludzi. Pewnego dnia na planetę przybywa EVE – nowoczesna, przepiękna, myśląca maszyna. Tego dnia życie WALL.E’ego zupełnie się zmienia i nabiera nowego sensu. Jego podróż przez galaktykę, przyjaźń z EVE, zabawne przygody oraz nowi, niekiedy niezwykli przyjaciele stali się tematem najnowszej komedii Studia Pixar.",https://image.tmdb.org/t/p/w500/hELX0HWpkRnfv9ghKKXNjwu4vzS.jpg,
807,Siedem (1995),Crime|Mystery|Thriller,1995,8.38,22481,15.1,"Odchodzący na emeryturę stary policyjny wyga William Somerset ma przekazać swoje obowiązki młodemu detektywowi Davidovi Millsowi. Różni ich wszystko: spokój, rozsądek, zmęczenie życiem i zawodem Somerseta kontrastuje z energią, porywczością i młodzieńczym optymizmem Millsa. Współpraca nie układa się więc najlepiej, ale niestety jest konieczna. Miastem wstrząsa seria okrutnych zabójstw. Pierwsza ofiara to otyły mężczyzna, który zmarł z przejedzenia. Następnego dnia ginie znany z chciwości prawnik. Wygląda na to, że morderca wybiera sobie na ofiary ludzi, którzy popełnili jeden z siedmiu grzechów głównych i w wyrafinowany, perfekcyjnie przygotowany sposób przeprowadza ich egzekucję.",https://image.tmdb.org/t/p/w500/jKstsinBR4nXRzmOItLjmpt9CQ4.jpg,
98,Gladiator (2000),Action|Drama|Adventure,2000,8.22,20411,15.0,"Generał Maximus zakończył kolejną udaną wyprawę wojenną. Zmuszony do ucieczki przez zazdrosnego o jego wpływy u Cesarza dziedzica tronu Commodusa, Maximus trafia do niewoli i zostaje gladiatorem. Powraca do Rzymu z zamiarem pomszczenia śmierci syna i żony. Wie, że jedyną siłą potężniejszą od samego Cesarza jest wola ludu, może dokonać swej zemsty, zostając największym bohaterem całego Imperium. ""Gladiator"" to epicka opowieść o odwadze i zemście osadzona w realiach Cesarstwa Rzymskiego roku 180 n.e.",https://image.tmdb.org/t/p/w500/1f0U34P6OFPXvfQta556VfXZqiC.jpg,
290098,Służąca (2016),Thriller|Drama|Romance,2016,8.19,4151,14.83,"Korea, lata 30. XX wieku. Oszust z nizin społecznych postanawia podstępem rozkochać w sobie piękną Japonkę – dziedziczkę wielkiej fortuny – aby przejąć jej majątek. W tym celu umieszcza w jej najbliższym otoczeniu tytułową służącą – posłuszną sobie naciągaczkę, która ma zaskarbić względy milionerki i stać się jej zaufaną powiernicą. „Służąca” to opowieść o trójkącie miłosnym, pożądaniu, seksualnych fantazjach i wyrafinowanej zemście. Widziana z różnych perspektyw intryga z minuty na minutę diametralnie się zmienia, zmierzając ku przewrotnemu finałowi.",https://image.tmdb.org/t/p/w500/nICx2UzZFL2Qv0szfl6ZaKhzWQ8.jpg,
68718,Django (2012),Drama|Western,2012,8.19,27439,14.5,"Rok 1858, południe Stanów Zjednoczonych. Niewolnik Django spotyka na swojej drodze doktora Kinga Schultza, pochodzącego z Niemiec łowcę nagród. Ten, obiecuje mu wolność i zapłatę w zamian za pomoc w odnalezieniu poszukiwanych przez prawo braci Brittle. Django zgadza się i wkrótce obaj wykonują robotę. Po wszystkim zawiązują spółkę. Schultz wprowadza Django w tajniki zawodu łowcy nagród. Ponadto, poruszony historią swojego nowego przyjaciela, postanawia pomóc mu w odszukaniu żony Broomhildy. Okazuje się, że znajduje się ona na niesławnej plantacji należącej do Calvina Candie, odrażającego dżentelmena pasjonującego się walkami niewolników.",https://image.tmdb.org/t/p/w500/3h3tSVY1r1qUGnUFTwXVSi9rdO.jpg,
16869,Bękarty wojny (2009),Drama|Thriller|War,2009,8.21,23608,14.45,"Akcja filmu rozpoczyna się w okupowanej Francji podczas egzekucji rodziny Shosanny Dreyfus, której dziewczyna jest świadkiem. Egzekucji dokonuje nazistowski pułkownik Hans Landa. Shosannie udaje się uciec i wyjechać do Paryża, gdzie, jako właścicielka kina, przyjmuje nową tożsamość. W innym miejscu w Europie, porucznik Aldo Raine organizuje grupę żydowskich żołnierzy, którzy mają dokonywać aktów zemsty. Do oddziału Raine'a dołącza niemiecka aktorka i agentka Bridget Von Hammersmark, której misją jest pozbawienie władzy przywódców Trzeciej Rzeszy. Losy tych ludzi zbiegają się pod kinowym afiszem, gdzie Shosanna przygotowuje własny plan zemsty...",https://image.tmdb.org/t/p/w500/xYoYYRo0vZNa0VJAOvXtfRPCi3S.jpg,
324857,Spider-Man Uniwersum (2018),Animation|Action|Adventure|Sci-Fi,2018,8.39,16757,14.26,"Miles Morales jest nastolatkiem, który odkrywa w sobie moce podobne do tych, jakimi posługuje się Spider-Man, podobnie zresztą jak on, jest superbohaterem; nazywany jest często Ultimate Spider-Man, działa w uniwersum zwanym Ziemia-1610. Jest nadzwyczajnie silny, potrafi wdrapywać się po ścianach, ma pajęczy zmysł i umiejętność paraliżowania wroga.",https://image.tmdb.org/t/p/w500/grU91DJPDzJv0sqDyEhzOEgwWEH.jpg,
111,Człowiek z blizną (1983),Action|Crime|Drama,1983,8.2,12662,14.23,"Al Pacino w roli niezapomnianego Tony’ego Montany, jednego z najbardziej bezwzględnych gangsterów w historii kina. Wyreżyserowany przez Briana De Palmę i wyprodukowany przez Martina Bergmana (twórcy filmowej wersji legendarnego ""Ojca chrzestnego""). ""Człowiek z blizną"" opowiada o błyskotliwej karierze mafijnej kubańskiego uchodźcy. Ten początkowo drobny złodziejaszek dzięki swej wyjątkowej brutalności i bezwzględności wspina się na sam szczyt kokainowego imperium. Doskonały scenariusz nagrodzonego Oscarem® Oliviera Stone’a, imponująca ścieżka dźwiękowa Georgio Morodera oraz znakomite przedstawienie stylu życia łacińskiej części Miami powodują, iż ten film zalicza się do najlepszych dramatów sensacyjnych, odsłaniających brutalne oblicze świata przestępczego i władzę ludzi amerykańskiej sceny narkotykowej.",https://image.tmdb.org/t/p/w500/en0c1qbCGC0WEBviAhGfmlyJjIH.jpg,
429,"Dobry, zły i brzydki (1966)",Western,1966,8.47,9352,13.87,"Obraz ten jest ostatnią częścią ""dolarowej"" trylogii Sergia Leone. Bohaterami filmu są trzej mężczyźni: Zły - bezwzględny łowca nagród, Brzydki - wielokrotny przestępca, Dobry - łowca głów z zasadami. Wszyscy trzej usiłują dotrzeć do ukrytego przez wojsko skarbu. Brzydki jest w posiadaniu informacji o nazwie cmentarza, na którym został on zakopany, Dobry zna nazwisko na poszukiwanym grobie. Czyni to z nich mimowolny zespół. Po piętach depcze im Zły.",https://image.tmdb.org/t/p/w500/48UDOsbi1D47Iu0h2JnkZU2GXna.jpg,
4935,Ruchomy zamek Hauru (2004),Fantasy|Animation|Adventure,2004,8.39,10747,13.84,"Sophie zostaje zamieniona przez demoniczną Czarownicę w starą kobietę. Zrozpaczona próbuje odzyskać swoje ciało i wyrusza w magiczną podróż pełną niebezpieczeństw. W poszukiwaniu samej siebie Sophie trafia do dziwnego Ruchomego Zamku należącego do czarodzieja Hauru. Spotyka w nim demona ognia - Karushifâ, który przedstawia jej propozycję. Jeśli Sophie uwolni go spod mocy Hauru, on w zamian przywróci jej 18-letnie ciało. Co stanie się z Sophie w Ruchomym Zamku? Czy wszystkie części magicznej układanki znajdą swoje miejsce?",https://image.tmdb.org/t/p/w500/pCHfm0Icmk0rJiBJjY1XAfYMTd7.jpg,
244786,Whiplash (2014),Drama|Music,2014,8.37,16212,13.7,"Andrew (Miles Teller) jest utalentowanym młodym perkusistą, uczniem konserwatorium muzycznego na Manhattanie. Chłopak marzy o wielkiej karierze. Aby zrealizować plany, postanawia dołączyć do szkolnej orkiestry jazzowej prowadzonej przez okrutnego nauczyciela Terence'a Fletchera (J.K. Simmons), który często wyładowuje swoje frustracje na uczniach. Pod kierunkiem bezwzględnego Fletchera, Andrew zaczyna dążyć do doskonałości za wszelką cenę - nawet własnego człowieczeństwa.",https://image.tmdb.org/t/p/w500/4Twi6WFaiGHc0SrIhdtZRNt45xg.jpg,
11324,Wyspa tajemnic (2010),Drama|Thriller|Mystery,2010,8.2,25270,13.25,"Akcja filmu rozgrywa się w 1954 roku na pięknej wyspie Zatoki Bostońskiej. W tak bajecznym miejscu znajduje się szpital dla obłąkanych przestępców. Na wyspie będzie prowadzone śledztwo w sprawie tajemniczego zniknięcia jednej z pacjentek. Sprawa jest prowadzona przez federalnych szeryfów Tedda i Chucka. Kobieta zniknęła z pokoju, który był zamknięty, a w oknach były kraty. Pozostała po niej tylko zaszyfrowana wiadomość. Nad wyspę nadciąga huragan i łączność z resztą świata zostaje zerwana.",https://image.tmdb.org/t/p/w500/scYivmvdv2DwCfbiblEcRG4P9Me.jpg,
823219,Flow (2024),Animation|Adventure|Fantasy|Family,2024,8.1,2562,13.03,"Nadchodzi wielka powódź. Dom kota zostaje zniszczony, więc wspólnie z kapibarą, lemurem, ptakiem i psem muszą teraz nawigować łodzią w poszukiwaniu suchego lądu, a także polegać na zaufaniu, odwadze i sprycie, aby przetrwać niebezpieczeństwa w tych nieprzyjaznych warunkach. Poznaj cudowną podróż przez krainy naturalne i mistyczne.",https://image.tmdb.org/t/p/w500/jAiMt4gKZIb9VaX7kx9cYUBanMq.jpg,
1124,Prestiż (2006),Drama|Mystery|Sci-Fi,2006,8.2,17113,12.97,"Tajemnicza opowieść o dwóch iluzjonistach między którymi rodzi się zażarta rywalizacja, która przeradza się w wojnę na sztuczki i nieposkromione pragnienie odkrycia tajemnic zawodowych rywala. Gdy nadchodzi chwila konfrontacji obu bohaterów - odwagi z pragnieniem, estradowego talentu z nauką i ambicji z przyjaźnią - skutki stają się śmiertelnie niebezpieczne.",https://image.tmdb.org/t/p/w500/m624LrPxlbXkMZVyM9tyDkI8g0M.jpg,
280,Terminator 2: Dzień sądu (1991),Action|Thriller|Sci-Fi,1991,8.14,13859,12.74,"Jeden z największych przebojów w historii kina. Wielki krok w przyszłość w dziedzinie efektów specjalnych.  W przyszłości trwa wojna ludzi z maszynami, które przejęły władzę nad światem. Jedyną nadzieją ludzkości jest charyzmatyczny przywódca Ruchu Oporu, John Connor. Obawiając się go maszyny wysyłają w przeszłość nowy prototyp cyborga T-1000 (Robert Patrick), który ma zgładzić młodego Johna Connora (Edward Furlong). W ślad za nim Ruch Oporu wysyła stary model Terminatora (Arnold Schwarzenegger) przeprogramowany tak aby bronił młodego Johna.",https://image.tmdb.org/t/p/w500/A221ktIYjvt8RnAXv0yD2QHzLts.jpg,
37165,Truman Show (1998),Comedy|Drama,1998,8.15,19672,12.73,"Truman Burbank mieszka w uroczym nadmorskim miasteczku i wiedzie przeciętne, raczej szczęśliwe życie u boku kochającej żony Meryl. To, co dla wielu byłoby nieziszczalnym marzeniem, Truman otrzymał bez specjalnego wysiłku. Właśnie - otrzymał, a nie zdobył. Truman jest bowiem gwiazdą telewizyjnego serialu emitowanego przez 24 godziny na dobę. O każdym jego kroku decyduje reżyser programu, od niego zależy nie tylko to, kogo Truman spotka na swej drodze, ale i to, czy danego dnia będzie świecić słońce. Jednak nawet on nie przewidział, że wykreowany przez niego bohater zacznie się domyślać istnienia innego świata.",https://image.tmdb.org/t/p/w500/4BuOoIULkVhVYMKGg0JISxgl34f.jpg,
28,Czas Apokalipsy (1979),Drama|War,1979,8.27,8818,12.61,"Scenariusz oparty jest na opowiadaniu Josepha Conrada ""Jądro ciemności"" i relacjonuje historię wyprawy kapitana Benjamina Willarda. Bohaterowi polecono zlikwidowanie szalonego pułkownika Kurtza, który na własną rękę rozpoczął morderczą wojnę na pograniczu wietnamsko-kambodżańskim. Po odnalezieniu pułkownika Willard ma według własnego uznania go zabić bądź wezwać bombowce, które zniszczą obóz. Wraz z grupką żołnierzy kapitan rusza łodzią patrolową w górę Mekongu.",https://image.tmdb.org/t/p/w500/1L2mrAKFHPvj2w4Y8Wcfe06Mglx.jpg,
694,Lśnienie (1980),Horror|Thriller,1980,8.21,18495,12.58,"Jack Torrance (Jack Nicholson) pracuje jako dozorca hotelu Panorama w górach stanu Kolorado. Pensjonat jest zamknięty na zimę, więc Jack z rodziną są jedynymi mieszkańcami budynku. Kiedy burze śnieżne blokują familię Torrance'ów w hotelu, Danny (Danny Lloyd), syn Jacka, który ma nadprzyrodzone, telepatyczne zdolności odkrywa, że pensjonat jest nawiedzony i duchy powoli doprowadzają jego ojca do obłędu. Kiedy Jack spotyka zjawę pana Grady'ego (Philip Stone), poprzedniego dozorcy hotelu, sytuacja staje się coraz groźniejsza.",https://image.tmdb.org/t/p/w500/lMniGq1BYnHOdhEiLOQxGYAKATC.jpg,
670,Oldboy (2003),Drama|Thriller|Mystery|Action,2003,8.24,9472,12.38,"Oh Dae-su zdaje się prowadzić całkiem normalne i ustabilizowane życie. Ma żonę i małą córkę, jednak zostaje uprowadzony w dniu jej urodzin. Budzi się w mieszkaniu, które jest całkowicie odcięte od świata. Jedynym oknem na świat jest telewizor. Oh Dae-su uczy się wielu nowych rzeczy, spisuje pamiętniki i planuje zemstę. W tym więzieniu spędza 15 lat, gdy zostaje wypuszczony, dowiaduje się, że ma zaledwie kilka dni na poznanie prawdy. Staje przed wyborem: zemsta, czy wiedza o tym, dlaczego?",https://image.tmdb.org/t/p/w500/ltJM6KsIndncBeBZnHchgXSOzJn.jpg,
489,Buntownik z wyboru (1997),Drama,1997,8.16,13416,12.22,"Will Hunting to ""skłócony z życiem"" młody chłopak. Nie ma większych ambicji, niewiele oczekuje od losu. Pracuje dorywczo, a wieczorami włóczy się po okolicznych barach... do czasu! Zwrot w jego życiu następuje, gdy nieoczekiwanie odkryte zostają jego niezwykłe zdolności matematyczne. Will musi zdecydować, czy podjąć rzucone mu przez los wezwanie i spróbować zmienić swój stosunek do świata, czy też, dalej wieść nic nie znaczącą, lecz wygodną egzystencję na pograniczu prawa. W zmaganiach z samym sobą pomaga mu piękna studentka i psycholog, który słynie z niekonwencjonalnych metod działania. Dochodzi do starcia dwóch silnych osobowości, które przynosi zaskakujący efekt...",https://image.tmdb.org/t/p/w500/8SYT3PE0vT3IvEDY9xuQ9c4P5EW.jpg,
207,Stowarzyszenie Umarłych Poetów (1989),Drama,1989,8.3,12188,12.15,"Charyzmatyczny anglista John Keating rozpoczyna pracę w ekskluzywnej szkole dla chłopców. Jego niekonwencjonalne metody nauczania wnoszą powiew świeżości do konserwatywnego programu uczelni. Niezwykły profesor rozbudza w swoich podopiecznych ciekawość świata, umiejętność samodzielnego myślenia i chęć rozwijania indywidualnych pasji, tym samym odmieniając ich życie.",https://image.tmdb.org/t/p/w500/obsiUYvbLORzV3PihvgyCf5fij5.jpg,
38,Zakochany bez pamięci (2004),Sci-Fi|Drama|Romance,2004,8.09,15946,12.05,"Joel odkrywa, że jego wieloletnia dziewczyna Clementine, po rozpadnięciu się ich związku poddała się eksperymentalnej operacji doktora Howarda Mierzwiaka, polegającej na wymazaniu z pamięci wszelkich wspomnień o swoim byłym ukochanym. Sfrustrowany tym faktem, postanawia skontaktować się z tajemniczym psychiatrą, aby również poddać się kuracji i wymazać ze swojej pamięci Clementine. Jednak w trakcie zabiegu, gdy wspomnienia Joela zaczynają stopniowo zanikać, przekonuje się, że wciąż kocha Clementine i tak naprawdę nie chce wyrzucać jej ze swojego umysłu. Ponieważ doktor Mierzwiak i jego współpracownicy ani myślą przerywać operacji, Joel stara się schować wspomnienia wspólnej przeszłości z Clementine w innych zakamarkach pamięci.",https://image.tmdb.org/t/p/w500/n6QrMP8FjQyWOfdfJnaemhNrp6a.jpg,
315162,Kot w butach: Ostatnie życzenie (2022),Animation|Adventure|Fantasy|Comedy|Family,2022,8.21,8578,12.01,"Kot w Butach odkryje, że jest pasjonatem przygód. Wykorzystał już wszystkie swoje osiem z dziewięciu istnień. Postanawia wyruszyć w podróż, aby znaleźć mityczne „Ostatnie Życzenie” i przywrócić swoje dziewięć żyć.",https://image.tmdb.org/t/p/w500/1AX2JluOHZTJva3OhpJ5jYdiSCE.jpg,
810693,Jujutsu Kaisen 0: The Movie (2021),Animation|Action|Fantasy,2021,8.12,1634,11.78,"Jako dziecko Rika Orimoto ginie w wypadku drogowym na oczach bliskiego przyjaciela Yuty Okkotsu. „To obietnica. Gdy dorośniemy, pobierzemy się”. Rika staje się zjawą, a Okkotsu, cierpiąc z powodu jej klątwy, pragnie własnej śmierci. Największy czarownik jujutsu, Satoru Gojo, wita go jednak w Liceum Jujutsu. Okkotsu poznaje kolegów z klasy: Maki Zen’in, Togego Inumakiego oraz Pandę, i w końcu odnajduje w sobie determinację: „Chcę móc powiedzieć, że to, że żyję, jest okej”. „Uczęszczając do Liceum Jujutsu, zdejmę klątwę Riki”. W międzyczasie nikczemny użytkownik klątw, Suguru Geto, którego wyrzucono ze szkoły za dokonanie masakry na zwykłych ludziach, ukazuje się przed Okkotsu i resztą. „24 grudnia zorganizujemy Nocną Paradę Stu Demonów”. Geto nawołuje do stworzenia raju wyłącznie dla czarowników jujutsu i rzuca tysiąc klątw na Shinjuku i Kioto, by w ten sposób zlikwidować wszystkich nie-czarowników. Czy Okkotsu uda się ostatecznie powstrzymać Geta? A co ze zdjęciem klątwy Riki…?",https://image.tmdb.org/t/p/w500/9WrgbeYF9CFUfHems0RvkG1vRTY.jpg,
389,12 gniewnych ludzi (1957),Drama,1957,8.55,9660,11.77,"Tuż po zakończonej rozprawie sądowej zaczyna się zebranie przysięgłych. Mają oni rozstrzygnąć o losie jednego imigranta, który rzekomo dopuścił się morderstwa na swoim ojcu. Obradom przewodniczy Przysięgły nr 1. Pierwsze głosowanie dla wielu ławników kończy się rozczarowaniem - jeden przysięgły nie jest przekonany, co do winy oskarżonego.",https://image.tmdb.org/t/p/w500/zASEq60XYKIPZ4kHOzP9f1pC06P.jpg,
103,Taksówkarz (1976),Crime|Drama,1976,8.13,13099,11.73,"Travis, weteran wojny w Wietnamie cierpiący na bezsenność, zatrudnia się jako taksówkarz na nocnej zmianie. Jeżdżąc wieczorami po Nowym Jorku, styka się z najbardziej podejrzanymi i niebezpiecznymi ludźmi i zdaje sobie sprawę, ile otacza go przemocy i okrucieństwa. Próbuje, bezskutecznie zresztą, nawiązać znajomość z pracowniczką kampanii wyborczej, Betsy. Spotyka też młodą prostytutkę Iris, którą chce uwolnić od ciemiężyciela. Mężczyzna postanawia na własną rękę rozprawić się z całym ""robactwem"" tego miasta...",https://image.tmdb.org/t/p/w500/6vEoplgvAqgwh3TnYj8kjFsaxXu.jpg,
857,Szeregowiec Ryan (1998),War|Drama|History,1998,8.22,16793,11.55,"Czerwiec 1944 roku, właśnie ruszył tzw. drugi front w Europie. Lądujący na plaży Omaha w Normandii oddział Rangersów kapitana Millera zostaje zdziesiątkowany. Z ocalałych żołnierzy, Miller wybiera kilku do niebezpiecznej misji. Otrzymuje rozkaz przeniknięcia za linię frontu i odnalezienia szeregowca Jamesa Ryan'a, jednego z tysięcy spadochroniarzy zrzuconych w noc poprzedzającą lądowanie aliantów na tyłach niemieckiej obrony. Dowództwo traktuje akcję prestiżowo. Trzej bracia Ryana, zginęli w walce i nie można dopuścić, aby matka straciła ostatniego syna. Miller ma odnaleźć i uratować Ryana nawet za cenę śmierci swoich ludzi...",https://image.tmdb.org/t/p/w500/9GNCKzU8vUUMgexZ5npv08mPzKr.jpg,
606856,Togo (2019),Adventure|Family,2019,8.14,2184,11.44,"Na podstawie autentycznych wydarzeń z 1925 roku. Willem Dafoe jako Leonhard Seppala, który ze swoim psem husky musi dostarczyć antytoksynę dla zagrożonego epidemią miasteczka na Alasce.",https://image.tmdb.org/t/p/w500/921q4gPNN4J6UxvKaw6SCNBe3F8.jpg,
791373,Liga Sprawiedliwości Zacka Snydera (2021),Action|Adventure|Fantasy,2021,8.1,10557,11.12,"W filmie ""Liga Sprawiedliwości Zacka Snydera"" Bruce Wayne, chcąc mieć pewność, że poświęcenie Supermana nie poszło na marne, łączy siły z Dianą Prince, by zwerbować zespół superbohaterów, którzy ochronią świat przed zbliżającym się niebezpieczeństwem o katastrofalnych rozmiarach. Zadanie okazuje się jednak trudniejsze, niż to sobie wyobrażał, ponieważ każdy z członków tej ekipy musi stawić czoła demonom własnej przeszłości. Tylko pokonanie tych przeszkód, pozwoli im stworzyć bezprecedensową grupę bohaterów. Może być jednak za późno, by w końcu zjednoczeni - Batman, Wonder Woman, Aquaman, Cyborg i Flash, byli w stanie uratować planetę przed Steppenwolfem, DeSaadem, Darkseidem i ich zbrodniczymi zamiarami.",https://image.tmdb.org/t/p/w500/zvugkRK6vpbPBv63jETof2ZIf9f.jpg,
77338,Nietykalni (2011),Drama|Comedy,2011,8.27,18072,11.0,"Ta historia zdarzyła się naprawdę. Sparaliżowany na skutek wypadku milioner zatrudnia do pomocy i opieki młodego chłopaka z przedmieścia, który właśnie wyszedł z więzienia. Zderzenie dwóch skrajnie różnych światów daje początek szeregowi niewiarygodnych przygód i przyjaźni, która czyni ich... nietykalnymi.",https://image.tmdb.org/t/p/w500/vthovD3LEV0OF1Re0rRumHHgiCA.jpg,
324786,Przełęcz ocalonych (2016),Drama|History|War,2016,8.19,14529,10.97,"Schyłek drugiej wojny światowej. Armia amerykańska toczy ciężkie walki z Japończykami o każdy skrawek lądu na Pacyfiku. Strategicznym celem jest wyspa Okinawa, której zdobycie może oznaczać ostateczną klęskę Japonii. Wśród setek tysięcy amerykańskich żołnierzy trafia tu Desmond T. Doss, sanitariusz, który ze względu na przekonania odmówił noszenia broni. Traktowany z nieufnością, oskarżany o tchórzostwo, wkrótce udowodni jak bardzo się wobec niego mylono. Podczas najcięższych starć, wielokrotnie ryzykując życiem, wydostaje z ognia walki ponad 70 rannych żołnierzy. Tak rodzi się legenda bezbronnego bohatera.",https://image.tmdb.org/t/p/w500/r6gu7mXTRwPoLqpw8Xz9IOVpXJy.jpg,
101,Leon zawodowiec (1994),Crime|Drama|Action,1994,8.3,15698,10.96,"Leon to płatny morderca z kodeksem honorowym. Jest najlepszy, jednak pewnego dnia łamie swoje reguły i otwiera drzwi Matyldzie, dziewczynce, której skorumpowani policjanci pod wodzą szalonego Stansfielda z DEA zabili całą rodzinę. Chcąc nie chcąc ci dwoje zostają skazani na siebie. Leon uczy Matyldę ""fachu"", a ta w zamian uczy Leona czytać. Między nimi rodzi się więź, która powoduje, że Leon staje się innym człowiekiem. Zobowiązuje się zabić Stansfielda i jego kolesi. Stansfield jednakże jest nieobliczalnym i przebiegłym przeciwnikiem...",https://image.tmdb.org/t/p/w500/zeJQ8lkniqpWOhJU5fYInARvGfM.jpg,
629,Podejrzani (1995),Drama|Crime|Thriller,1995,8.17,11077,10.58,"Tytułowi ""Podejrzani"" to pięciu kryminalistów – Dean Keaton (Byrne), McManus (Baldwin), Todd Hockney (Pollak), Fenster (Del Toro) i Verbal Kint (Spacey). Są zamieszani w eksplozję statku, w wyniku której zginęło 27 osób i zniknęła kokaina o wartości 91 milionów dolarów. Świadkami tego wydarzenia są: ciężko poparzony węgierski imigrant, który twierdzi, że widział Keysera Soze, czyli samego diabła, i jeden z ""podejrzanych"" - kaleki kryminalista Verbal Kint. Verbal decyduje się, w zamian za nietykalność, opowiedzieć policji całą historię. Wraca pamięcią do momentu, kiedy wraz z pozostałymi ""podejrzanymi"" został aresztowany przez nowojorską policję, a później pracował z nimi, dokonując kilku napadów.",https://image.tmdb.org/t/p/w500/1s4OrFrEOpP3Pb89ETNxSDQyvQX.jpg,
637,Życie jest piękne (1997),Comedy|Drama,1997,8.44,13726,10.56,"Komedia, której głównym tematem jest... holocaust. Błaznowaty wieśniak przybywa do dużego miasta w Toskanii, zakłada rodzinę. Wybucha wojna, wkraczają Niemcy, wieśniak, jako pół-Żyd trafia do obozu koncentracyjnego wraz z najbliższą rodziną. Próbuje jednak przekonać syna, że pobyt w obozie jest jedynie pewną formą zabawy dla dorosłych",https://image.tmdb.org/t/p/w500/i9SaGL6aImc43pfCeIgN732fWXj.jpg,
635302,Demon Slayer: Mugen Train (2020),Animation|Action|Fantasy,2020,8.21,4369,10.27,"Po ukończeniu treningu rehabilitacyjnego Tanjiro i jego towarzysze udają się na kolejną misję. W Nieskończonym Pociągu doszło do serii tajemniczych zniknięć ponad czterdziestu pasażerów.  Tanjiro i Nezuko, wraz z Zenitsu i Inosuke, dołączą do jednego z najpotężniejszych szermierzy wśród Korpusu Zabójców Demonów — Filara Płomienia, Kyojuro Rengoku. Razem stawią czoła nieznanemu zagrożeniu.  (opis dystrybutora)",https://image.tmdb.org/t/p/w500/6JXcDt8Iq9LViS8IQzF8ZQDUyq7.jpg,
508442,Co w duszy gra (2020),Animation|Family|Comedy|Fantasy|Drama|Music,2020,8.1,11123,10.26,"Joe Gardner, nauczyciel muzyki w szkole, dostaje życiową szansę, aby zagrać w najlepszym jazzowym klubie w mieście. Ale jeden nieostrożny krok sprawia, że prosto z nowojorskiej ulicy dostaje się w Przedświaty - niezwykłe miejsce, gdzie nowe dusze, zanim zejdą na Ziemię, otrzymują osobowość, dziwactwa i pasje. Zdeterminowany, żeby odzyskać swoje życie, Joe zaprzyjaźnia się z młodą duszą - 22, która nie rozumie, dlaczego doświadczenie bycia człowiekiem jest aż tak pociągające. Podczas, gdy Joe stara się przekonać 22, że życie jest wspaniałe, sam znajduje odpowiedzi na najważniejsze pytania.",https://image.tmdb.org/t/p/w500/bE61pUNKUu3u0v77HULNgOA7MDo.jpg,
8392,Mój sąsiad Totoro (1988),Fantasy|Animation|Family,1988,8.07,8554,9.7,"Dwie dziewczynki, Mei i Satsuki, wraz z ojcem i zmagającą się z ciężką chorobą mamą przeprowadzają się na wieś, do opuszczonego, nieco tajemniczego domu. Szybko odkrywają, że spokojna sielska okolica przepełniona jest magią. Najpierw siostry spotykają mieszkające w ich domu tajemnicze czarne kulki, później poznają łagodne i życzliwe duchy lasu, a wśród nich niezwykłego Totoro. Kiedy młodsza dziewczynka zaginie, okaże się, jak cenna jest ta przyjaźń...",https://image.tmdb.org/t/p/w500/p6i0gjS4G3FogVlRVayex1SJnn8.jpg,
1422,Infiltracja (2006),Drama|Thriller|Crime,2006,8.16,15783,9.49,"Akcja filmu rozgrywa się w południowym Bostonie, gdzie policja stanowa toczy zażartą walkę z przestępczością zorganizowaną. Młody tajny agent policji, Billy Costigan, otrzymuje od przełożonego Olivera Queenana rozkaz przeniknięcia do struktur mafijnych, którymi rządzi Frank Costello. Podczas gdy Billy szybko zdobywa zaufanie bossa, Colin Sullivan - zatwardziały młody przestępca, który już jako kadet Akademii Policyjnej pełnił rolę mafijnego informatora - zostaje awansowany na stanowisko dowódcze w Wydziale Spraw Wewnętrznych. Każdego z nich pochłania podwójne życie. Kiedy zarówno przestępcy, jak i stróże prawa, wpadają na trop wrogiej wtyczki we własnych szeregach, obaj bohaterowie rozpoczynają wyścig o to, kto pierwszy odkryje tożsamość drugiego, by tym samym uratować własną skórę...",https://image.tmdb.org/t/p/w500/1zfgt3lncUZBKbATGnifk1umVpZ.jpg,
539,Psychoza (1960),Horror|Thriller|Mystery,1960,8.42,10729,9.35,"Marion Crane jest sekretarką spotykającą się po kryjomu z Samem, drobnym handlarzem. Nie mają pieniędzy, by mogli żyć razem. Więc przy nadarzającej się okazji Marion kradnie z pracy dużą kwotę pieniędzy i ucieka z miasta. Chce pojechać do Sama. Podczas jazdy nocą zaczyna mocno padać deszcz, więc uciekinierka skręca do małego moteliku - Motelu Batesa. Motel wygląda przytulnie, do momentu, gdy Marion poznaje alter ego jego właściciela...",https://image.tmdb.org/t/p/w500/7ZaJxINKJz0QW0gu5CyG4k8bz6w.jpg,
398818,"Tamte dni, tamte noce (2017)",Romance|Drama,2017,8.1,12556,9.25,"Północne Włochy, lato 1983 roku. Elio Perlman, błyskotliwy siedemnastolatek o amerykańsko-włoskim pochodzeniu, spędza wakacje w XVII-wiecznej willi, komponując i grając muzykę klasyczną, czytając i flirtując ze swą przyjaciółką – Marzią. Cieszy go każda chwila spędzona w willi, zwłaszcza że za kompana ma swego ojca, szanowanego profesora specjalizującego się w greko-romańskiej kulturze, oraz matkę Annellę, tłumaczkę, która uczy chłopaka rozkoszować się kulturą i przyrodą Włoch. Obycie i wykształcenie oraz talent Elia sprawiają wrażenie, że mamy do czynienia z dorosłym, w pełni ukształtowanym mężczyzną, a jednak wielu rzeczy musi się jeszcze nauczyć – zwłaszcza w obcej mu dotąd dziedzinie – miłości. Pewnego dnia do willi przybywa Oliver, młody amerykański stypendysta, pracujący z ojcem Elia nad swym doktoratem. W porażająco pięknych krajobrazach spalonej słońcem Italii Elio i Oliver odkrywają odurzającą siłę wzajemnego przyciągania. To lato zapamiętają na zawsze.",https://image.tmdb.org/t/p/w500/dYjATpAHEtpAd7uog4Z6KlIEsJO.jpg,
146233,Labirynt (2013),Drama|Thriller|Crime,2013,8.1,12676,9.25,"Jak daleko można się posunąć, by chronić swoją rodzinę? Keller Dover staje twarzą w twarz z najgorszym koszmarem, który może przytrafić się każdemu rodzicowi: jego sześcioletnia córka, Anna, zostaje porwana wraz ze swą koleżanką, Joy. Minuty mijają jak godziny, powstaje panika. Pierwszy trop prowadzi do samochodu, który zaparkowano na ulicy. Prowadzący śledztwo detektyw Loki aresztuje jego kierowcę, Alexa Jonesa, wkrótce musi go wypuścić z braku dowodów. Zdeterminowany Dover świadomy, że życie jego dziecka jest w niebezpieczeństwie bierze sprawy w swoje ręce. Do czego zdoła posunąć się zrozpaczony ojciec, by ochronić swoją rodzinę?",https://image.tmdb.org/t/p/w500/3XUDusNMvbubbKUx1qKh456MQd3.jpg,
851644,Dziewczyna z XX wieku (2022),Romance|Drama,2022,8.14,783,9.2,"Jest rok 1999. 17-letnia Bo-ra (Kim Yoo-jeong) musi sprostać najważniejszemu zadaniu w jej nastoletnim życiu, w którym przyjaźń jest ważniejsza nawet od miłości. Jej przyjaciółka Yeon-doo (Roh Yoon-seo) leci za granicę na operację serca. Bo-ra ma szpiegować chłopaka, w którym Yeon-doo jest zakochana, i o wszystkim jej donosić. Aby dowiedzieć się jak najwięcej o Hyun-jinie (Park Jung-woo), Bo-ra postanawia zbliżyć się do jego przyjaciela Woon-ho (Byeon Woo-seok). Jednak nie wszystko idzie zgodnie z planem, gdy do głosu dochodzi serce Bo-ry.",https://image.tmdb.org/t/p/w500/tvUMDukKjq5FYlYDYECcQNV0t0B.jpg,
128,Księżniczka Mononoke (1997),Adventure|Fantasy|Animation,1997,8.32,8703,8.92,"Waleczny młodzieniec o imieniu Ashitaka broni swej wioski przed złym potworem. Chłopak zwycięża – ale demon rzuca na niego klątwę, której efektem jest powolna, nieunikniona śmierć. Jedynym ratunkiem może być pomoc legendarnego boga zwierząt Shishi-Gami. Ashitaka wyrusza na jego poszukiwanie. Wkrótce staje się świadkiem bitwy pomiędzy przedstawicielami cywilizacji a siłami natury, które, zagrożone przez człowieka, wypowiedziały mu wojnę. Oddziałem leśnych stworzeń dowodzi wychowana przez białą wilczycę księżniczka Mononoke.  Ashitaka musi opowiedzieć się za jedną ze stron.",https://image.tmdb.org/t/p/w500/tpm3eXEKqiGsMBqhp2gXqBrDEmW.jpg,
9702,Więzy krwi (1993),Crime|Action|Drama|Thriller,1993,8.14,1474,8.88,"Los Angeles, 1972 rok. Krewniacy Miklo, Paco i Cruz, należący do gangu ""Vatos Locos"", zaciekle walczą z konkurencją. Wkrótce dochodzi do dramatycznych wydarzeń, które wpłyną na dalsze losy bohaterów. Cruz napadnięty przez rywalizującą o wpływy w dzielnicy bandę, trafia do szpitala. Jego krewni poprzysięgają zemstę. Podczas konfrontacji Miklo śmiertelnie rani jednego z rywali. Oskarżony o zabójstwo, osadzony w więzieniu stanowym, próbuje stawić czoła panującej w zakładzie przemocy. Tu życiem skazańców rządzą pieniądze, narkotyki i siła.",https://image.tmdb.org/t/p/w500/gvP6R6juhe2IpCG7QGDgjyUvm0g.jpg,
490132,Green Book (2018),Drama|Comedy|History,2018,8.22,12500,8.78,"Tony, drobny cwaniaczek z Bronxu, z nadzieją na zgarnięcie konkretnej sumki, zatrudnia się jako szofer wybitnego, ekstrawaganckiego muzyka Dona Shirley'a. Razem wyruszają w wielotygodniowe tournée na południe Stanów Zjednoczonych. Z pozoru różni ich wszystko: od majątku i wykształcenia, przez sposób bycia, po ulubione jedzenie i rozrywki. Z czasem jednak będą mieli okazję przekonać się, że tak naprawdę więcej ich łączy, niż dzieli. Ich wspólna, pełna przygód podróż stanie się początkiem nieprawdopodobnej przyjaźni.",https://image.tmdb.org/t/p/w500/zxiD75A5lAja5WOxB8t81PA4n8z.jpg,
46738,Pogorzelisko (2010),Drama|War|Mystery,2010,8.11,3118,8.68,"Podczas odczytywania testamentu zmarłej matki, bliźnięta Jeanne i Simon dowiadują się, iż mają rodzeństwo i ojca, który nadal żyje, choć za życia ich matka twierdziła coś innego. Ostatnią wolą zmarłej było, aby rodzeństwo wybrało się na Bliski Wschód aby odnaleźć rodzinę i dostarczyć im zapieczętowane listy.",https://image.tmdb.org/t/p/w500/n8jJREVlHUw2J90I4P3mgAEG3Yk.jpg,
77,Memento (2000),Mystery|Thriller,2000,8.18,15806,8.68,"Mieszkający w San Francisco detektyw ubezpieczeniowy, Leonard Shelby, w wyniku wypadku traci tzw. pamięć krótkotrwałą. Wie, kim jest i pamięta wszystko sprzed wypadku, ale błyskawicznie zapomina o tym, co wydarzyło się przed chwilą. Nie wie gdzie był, co robił i planował. Przy dłuższej rozmowie zapomina od czego się zaczęła. Powracające wspomnienia śmierci żony powodują, że nie daje za wygraną. Notatki, zdjęcia i tatuaże zastępują mu pamięć. Jedyną motywacją do życia jest obsesyjne pragnienie zemsty na mordercy ukochanej kobiety.",https://image.tmdb.org/t/p/w500/fKTPH2WvH8nHTXeBYBVhawtRqtR.jpg,
1091,Coś (1982),Horror|Mystery|Sci-Fi,1982,8.07,7650,8.64,"Akcja toczy się zimą 1982 r. w odciętej od świata bazie naukowej na Antarktydzie. Śmierć sieje tam Obcy - przybysz z nieznanej planety, którego pojazd rozbił się niegdyś na Ziemi i który właśnie teraz zbudzony został z lodowego snu. Ma on umiejętność nieustannej zmiany kształtów. Ponieważ egzystuje wyłącznie we wnętrzu żywego organizmu próbuje upodobnić się do swego nosiciela. Zaczyna od psa, kończy na człowieku.",https://image.tmdb.org/t/p/w500/xrIcBKkSVf3F2R7DkUOBavCsDfz.jpg,
423,Pianista (2002),Drama|War,2002,8.38,9839,8.43,"Władysław Szpilman wraz z rodziną mieszka w Warszawie. Jest młodym, zdolnym pianistą, żydowskiego pochodzenia. Gdy do miasta wkraczają Niemcy, i wkrótce potem zakładają getta, młody Władek zarabia jako pianista w kawiarniach. Z biegiem czasu Niemcy rozpoczynają wywóz Żydów, a Szpilmanowi w ostatniej chwili udaje się uniknąć losu rodziny, którą zagnano do wagonu pociągu. Wkrótce potem Władysław ucieka z getta i dzięki polskim przyjaciołom znajduje ukrycie przed okupantami. Niestety nie zaznaje spokoju na długo. Zaraz po wybuchu Powstania Warszawskiego Szpilman musi uciekać.",https://image.tmdb.org/t/p/w500/72ponXpzVO1kPKtEYFKTEqWIwdK.jpg,
50014,Służące (2011),Drama,2011,8.2,8818,8.3,"Akcja filmu toczy się w stanie Mississippi w latach 60. W roli głównej występuje Emma Stone (gwiazda hitu kinowego ""Zombieland"") grająca Skeeter, dziewczynę z dobrego domu z południa, która po studiach marzy o karierze pisarki. Niespodziewanie wywraca do góry nogami życie swoich przyjaciół i mieszkańców rodzinnego miasteczka, gdy postanawia przeprowadzić wywiad z czarnoskórą służącą najzamożniejszych rodzin w okolicy. Nominowana do Oscara Viola Davis w roli Albeen decyduje się ujawnić ciemne sekrety życia czarnoskórej mniejszości. Ze zwierzeń rodzi się przyjaźń. Okazuje się, że przyjaciółki mają sobie dużo do opowiedzenia. Zarówno one, jak i inni mieszkańcy miasteczka są świadkami zmieniających się czasów i obyczajów.",https://image.tmdb.org/t/p/w500/mrzn2rhIFzHl3UvwtVtUogGPGz8.jpg,
598,Miasto Boga (2002),Drama|Crime,2002,8.43,7943,8.26,"Rakietę ma 10 lat. Jego brat, noszący ksywkę Kaczor, należy do bandy o osobliwej nazwie Trio Czułość. Przez jakiś czas trio rządzi osiedlem, budząc podziw młodszych dzieciaków. O dorównaniu im marzy zwłaszcza Kostka, najbliższy przyjaciel Bene. Podsuwa on bandzie pomysł napadu na dom schadzek. W czasie akcji Kostka zabija wszystkich okradzionych wcześniej klientów domu. Następnie zabija Kaczora - dotychczasowego przywódcę i przejmuje władzę w Mieście Boga. Przybiera imię Mały Ze.",https://image.tmdb.org/t/p/w500/19HfNrUgf0Qe7NG7NZOEFEE8z9q.jpg,
1356039,Kontratak (2025),Action|Adventure|Thriller,2025,8.27,778,8.13,"Misja odbicia zakładników przysparza nowego wroga kapitanowi Guerrero i jego elitarnemu oddziałowi, i stawia ich na celowniku grupy przestępczej.",https://image.tmdb.org/t/p/w500/lI2uFlSEkwXKljqiry7coaJ6wIS.jpg,
510,Lot nad kukułczym gniazdem (1975),Drama,1975,8.41,11143,8.13,"Wprowadzając bohatera, skierowanego wprawdzie do zakładu psychiatrycznego, ale niewydającego się ani trochę szaleńcem, reżyser sugeruje jednocześnie pytanie o granice między normalnością a obłąkaniem. Widz z przerażeniem uświadamia sobie, jak są one kruche. Oto bowiem drobny złodziejaszek i awanturnik Randall Patrick McMurphy, skazany za liczne przestępstwa, w tym także gwałt, pragnąc uniknąć obozu pracy, symuluje obłęd. Zostaje wysłany na obserwację do szpitala psychiatrycznego, gdzie trafia na oddział kierowany przez siostrę Ratched.",https://image.tmdb.org/t/p/w500/3ICRZ5DOBwapO25lphA8yiCWi4v.jpg,
335,Pewnego razu na Dzikim Zachodzie (1968),Drama|Western,1968,8.3,4735,8.11,"Jill McBain (Claudia Cardinale) przyjeżdża z Nowego Orleanu do swojego męża, który mieszka w małym miasteczku na Dzikim Zachodzie. Kilka dni przed jej przybyciem McBain i jego dzieci z poprzedniego małżeństwa zostają zamordowani przez bandę Franka (Henry Fonda). Jednak o zbrodnię podejrzewany jest Cheyenne (Jason Robards). W tym czasie w okolicy pojawia się tajemniczy człowiek nazywany ""Harmonijką"" (Charles Bronson).",https://image.tmdb.org/t/p/w500/1UJi76RRavosnXjLzZqItsIgcsi.jpg,
346,Siedmiu samurajów (1954),Action|Drama,1954,8.45,4083,8.04,"Dramat samurajski. Epicka opowieść, której treścią jest historia mieszkańców pewnej japońskiej wioski nękanej i co roku najeżdżanej przez bandę 40-tu opryszków zabierających jej mieszkańcom coroczny dorobek ich ciężkiej pracy na roli. Zdesperowani rolnicy wynajmują do obrony przed bandytami roninów - samurajów ""bez pana"", którzy za przysłowiową ""garstkę ryżu"" podejmują walkę z najeźdźcami.",https://image.tmdb.org/t/p/w500/8G8a4UeEpC20ieFBMnZYYKkJUgS.jpg,
843,Spragnieni miłości (2000),Drama|Romance,2000,8.09,3123,8.04,"Hongkong, 1962 r. Uchodźcy z Szanghaju, którzy z nadzieją na lepsze życie licznie przybywają do tej brytyjskiej kolonii, wynajmują każdy, nawet najbardziej obskurny kąt. Wyizolowani, a jednocześnie podlegający nieustannej kontroli sąsiadów, przybysze żyją w zamkniętych społecznościach, tłocząc się w ciasnych pomieszczeniach, zarówno w domach jak i w miejscach pracy. Pewnego dnia do sąsiadujących ze sobą dwóch klitek w jednym z takich przepełnionych domów wprowadzają się równocześnie - sekretarka Su Chan (Maggie Cheung) z mężem i redaktor jednej z gazet Chow Mo-Wan (Tony Leung) z żoną. Żona Chow z powodu obowiązków służbowych często przebywa poza domem. Mąż Su od dłuższego czasu jest podróży służbowej. Kolejne dni w tym ludzkim ""mrowisku"", których rytm wyznacza jedynie praca, są jałowe i nudne.",https://image.tmdb.org/t/p/w500/mjkr1IamzDiL5mLIbnuhiYOXLqg.jpg,
500,Wściekłe psy (1992),Crime|Thriller,1992,8.12,15079,7.98,"Po nieudanym napadzie na sklep jubilerski czterech gangsterów spotyka się w opustoszałym podmiejskim magazynie. Biały (Harvey Keitel), Pomarańczowy (Tim Roth), Blondyn (Michael Madsen) i Różowy (Steve Buscemi) zdają sobie sprawę, że wśród nich jest zdrajca odpowiedzialny za wpadkę. Ich zleceniodawca, Joe Cabot (Lawrence Tierney), domaga się zdemaskowania policyjnego konfidenta, lecz wzajemne oskarżenia, wrogość i nieufność nie sprzyjają jego wykryciu. Narastająca atmosfera podejrzliwości będzie początkiem krwawej tragedii.",https://image.tmdb.org/t/p/w500/elQbITBVugEJhC2o8Vq2VzhqLcr.jpg,
1891,Gwiezdne wojny: Część V - Imperium kontratakuje (1980),Adventure|Action|Sci-Fi,1980,8.39,17979,7.92,"Kolejna część Gwiezdnej Sagi opowiada o wydarzeniach toczących się kilka lat po zniszczeniu pierwszej Gwiazdy Śmierci. Luke Skywalker i pozostali Rebelianci uciekają po całej Galaktyce przed zakusami okrutnego Imperium. Bezpieczną ostoję znajdują na lodowej planecie Hoth. Jednak Imperium lokalizuje tę bazę. Rebelianci muszą uciekać. Luke udaje się do układu Dagobah, żeby spotkać się z Mistrzem Jedi, Yodą i pobrać od niego nauki. Natomiast Han, Leia, Chewie i roboty uciekają na planetę Bespin, do dawnego przyjaciela Hana ― Lando Calrissiana. Nie wiedzą, że wpadli w podstępnie uknutą przez Imperium pułapkę...",https://image.tmdb.org/t/p/w500/8514COJcaHjrHvb0Xyes2bkZoWS.jpg,
311,Dawno temu w Ameryce (1984),Drama|Crime,1984,8.39,5844,7.81,"Lata 20. i 30. XX wieku. David i Max razem dorastali w żydowskim getcie w Nowym Jorku. Byli członkami gangu młodzieżowego, żyli z drobnych oszustw. Po latach przyjaciele kierują własną grupą przestępczą, mają wspólne fundusze, nad którymi pieczę sprawuje ich kompan Moe. Robią wielkie pieniądze na nielegalnym handlu alkoholem. Wraz z nadejściem końca prohibicji w 1933 roku gang przeżywa kryzys finansowy. Zgrana niegdyś paczka powoli się rozpada.",https://image.tmdb.org/t/p/w500/k6I9E24k3CwrV0upnvNyzGlau53.jpg,
185,Mechaniczna pomarańcza (1971),Sci-Fi|Crime,1971,8.18,13544,7.58,"Historia czterech wandali: Pete'a, Georgiego, Dima oraz przywódcy grupy Alexa. Wieczory chłopcy spędzają przesiadując w barze i pijąc mleko, wsłuchują się w przepiękną muzykę Ludwiga van Beethovena. W nocy zaś w pełni oddają się swojemu hobby, jakim jest bicie i dręczenie znacznie słabszych od siebie. Jednak ich ""szczęście"" nie trwa wiecznie. W grupie dochodzi do małych sprzeczek. Na poprawienie sobie humorów chłopcy postanawiają popełnić zbrodnię. Sytuacja wymyka się spod kontroli i dochodzi do tragedii. Przyjaciele Alexa wydają go policji. Chłopak trafia do więzienia. Po kilku spędzonych tam latach otrzymuje propozycję wzięcia udziału w dziwnym eksperymencie...",https://image.tmdb.org/t/p/w500/fsPwxQpKyvnKCeTx8MGXQrKMS0h.jpg,
7345,Aż poleje się krew (2007),Drama,2007,8.08,7180,7.55,"Biznes to wojna. I to taka, w której nie bierze się jeńców. Aby zgromadzić wielki majątek, trzeba być bezwzględnym i gotowym na wszystko. Takim właśnie człowiekiem był Daniel Plainview (Daniel Day-Lewis). Na przełomie XIX i XX wieku udało mu się odkryć złoża ropy naftowej w Nowym Meksyku. Umiejętnie inwestując kapitał, Plainview dorobił się całkiem pokaźnej fortuny. Sukces miał jednak swoją cenę - Daniel stał się potworem znienawidzonym przez wszystkich. Nie cofał się przed niczym, nawet jeśli w grę wchodził szantaż czy zabójstwo. W swoim dziele reżyser (Paul Thomas Anderson) pokazał brutalne narodziny wielkiego, amerykańskiego kapitału.",https://image.tmdb.org/t/p/w500/nYdMNzRN8YP410P2eg4chvayDHq.jpg,
18491,The End of Evangelion (1997),Animation|Sci-Fi|Drama|Fantasy,1997,8.26,1774,7.17,"SEELE organizuje zmasowany atak na NERV, próbując zniszczyć Evy, zanim Gendo uruchomi Trzecie Uderzenie i Projekt Dopełnienia Ludzkości.",https://image.tmdb.org/t/p/w500/yBanOpNIccxjZlH4QH7ag4ojWOI.jpg,
600,Pełny magazynek (1987),Drama|War,1987,8.12,11169,7.03,"Epicka opowieść o oddziale marines wysłanym do Wietnamu. Wpierw poznajemy przyszłych żołnierzy jak odbywają szkolenie w specjalnym obozie. W drugiej części filmu akcja przenosi się do Wietnamu. Głównym bohaterem jest Joker, młody rekrut który pracuje jako korespondent wojenny i na własne oczy przekonuje się, czym naprawdę jest walka.",https://image.tmdb.org/t/p/w500/kMKyx1k8hWWscYFnPbnxxN4Eqo4.jpg,
73,Więzień nienawiści (1998),Drama,1998,8.33,12249,7.01,"Opowieść o skinheadzie Dereku, który po brutalnym zabiciu Afroamerykanina próbującego okraść mu mieszkanie, trafia do więzienia. Za kratkami nie ma łatwego życia, gdyż wieść o jego czynach i przywództwie nad miejscową grupą skinheadów jest znana wszystkim współwięźniom. Jednak z biegiem czasu, pod wpływem nieoczekiwanych wydarzeń, jego spojrzenie na czarnoskóre społeczeństwo zmienia się. Po odsiedzeniu wyroku Derek stara się wyrwać z rasistowskiej ""organizacji"" swojego młodszego brata, który powoli zbliża się do upadku.",https://image.tmdb.org/t/p/w500/eb4gkaJyACRn9HtLeSnM0Bu9xiO.jpg,
378064,Kształt twojego głosu (2016),Animation|Drama|Romance,2016,8.38,4326,6.66,"Shouya Ishida zaczyna znęcać się nad nową dziewczyną z klasy, Shouko Nishimiya, ponieważ jest głucha. Jednakże, gdy jego dokuczanie trwa dalej, reszta klasy zaczyna zwracać się przeciwko Shouyi z powodu jego braku współczucia. Po ukończeniu szkoły podstawowej, Shouko i Shouya nie rozmawiają ze sobą ... dopóki starszy, mądrzejszy Shouya, dręczony swoim dawnym zachowaniem, decyduje, że musi jeszcze raz zobaczyć Shouko. Chce odpokutować za swoje grzechy, ale czy jest już za późno ...?",https://image.tmdb.org/t/p/w500/ndlHzeb0WwdorqDzikjuQg9Lxw1.jpg,
406997,Cudowny chłopak (2017),Family|Drama,2017,8.1,8134,6.5,"Dla 10-letniego Auggiego nie ma niczego bardziej niezwykłego niż ""zwykły dzień w szkole"". Urodzony z licznymi deformacjami twarzy, dotąd uczył się w domu pod okiem mamy. Teraz jednak, zaczynając 5 klasę w normalnej szkole, ma nadzieję, że koledzy potraktują go jak zwyczajnego chłopca. Jego wygląd sprawia, że staje się szkolną sensacją, a dla wielu wręcz ""dziwadłem"". Jedni się z niego śmieją, inni wytykają palcami, ale nikt tak naprawdę niczego o nim nie wie. Wszystko zacznie się zmieniać, gdy w szkole pojawi się nowa uczennica. Urocza Summer, potrafi dostrzec w Auggiem coś więcej niż nietypowy wygląd. Wystarczy jeden przyjazny gest, jedna pomocna dłoń, by obudzić w Auggiem siłę, dzięki której będzie potrafił udowodnić, że nie tylko twarz czyni go kimś niezwykłym.  [opis dystrybutora dvd]",https://image.tmdb.org/t/p/w500/1O0u7eHpylSA3Yqp0wXAFS74O1e.jpg,
1585,To wspaniałe życie (1946),Drama|Family|Fantasy,1946,8.28,4739,6.41,"George Bailey (James Stewart) wraz ze swoim wujem (Thomas Mitchell) kieruje budowlaną kasą oszczędności w małym miasteczku. Niemal całkowicie poświęca się pracy, pomagając potrzebującym w uzyskaniu własnego mieszkania. Niestety, tuż przed Bożym Narodzeniem wuj gubi osiem tysięcy dolarów, co może doprowadzić do zamknięcia kasy. Bailey załamuje się nerwowo i postanawia popełnić samobójstwo. W ostatniej chwili ocala go anioł stróż, który odsłania przed nim piękne aspekty życia... Studium człowieka, który rozstaje się ze swoimi marzeniami, godząc się z codzienną - ponurą rzeczywistością.",https://image.tmdb.org/t/p/w500/5CkXMVRyqlyL1DsUz1CPH4hmFGK.jpg,
25237,Idź i patrz (1985),Drama|War,1985,8.21,1730,6.38,"Akcja filmu toczy się na terenie okupowanej przez Niemców Białorusi w 1943 roku. 14-letni Florja (Aleksey Kravchenko) jest świadkiem dokonanej przez nazistów eksterminacji mieszkańców rodzinnej wsi, w tym również swoich najbliższych. Doznany szok powoduje głębokie zmiany w psychice chłopca, który ucieka do własnego świata, z trudem odróżniając jawę od sennych fantazji...",https://image.tmdb.org/t/p/w500/zlY7KQOWzvB0JDML9rV7O1erdJF.jpg,
3782,Piętno śmierci (1952),Drama,1952,8.32,1277,6.29,"Urzędnik Watanabe dowiaduje się, że ma zaawansowanego raka i od śmierci dzieli go kilka miesięcy. Postanawia nadać sens reszcie własnego życia.",https://image.tmdb.org/t/p/w500/eljOvSZfmDX9Bw7ZsUbc637Xs0H.jpg,
504253,Kimi no Suizou wo Tabetai (2018),Animation|Drama|Romance,2018,8.2,1710,6.16,"Pewnego dnia, Ja – uczeń liceum – znalazłem w szpitalu pamiętnik. „Życie ze Śmiercią"" – to jego tytuł. Należał do Sakury Yamauchi. W środku była notatka o chorobie trzustki... Dni Sakury są policzone. W jednej chwili całkiem przez przypadek stałem się powiernikiem jej sekretu. To było tak, jakbym był jej pisany. Byłem jej całkowitym przeciwieństwem. Jednakże... Świat przedstawił dziewczynie cierpiącej na okrutną chorobę równie okrutną rzeczywistość. Tak zaczęła się przedziwna znajomość dwojga osób, połączonych tajemnicą.",https://image.tmdb.org/t/p/w500/cXOItoGg1XMN8qMrec0XjmLxarD.jpg,
14537,Harakiri (1962),Action|Drama|History,1962,8.43,1148,6.05,"Japonia, XVII wiek. Na dwór potężnego klanu przybywa ronin, by prosić o zezwolenie na popełnienie rytualnego samobójstwa. W odpowiedzi słyszy historię samuraja, który kilka miesięcy wcześniej przybył z taką samą prośbą. Wkrótce okazuje się, że historie obu roninów w zaskakujący sposób łączą się ze sobą...  ""Harakiri"" jest dziś uważane za jedno z największych arcydzieł japońskiego kina, dzieło tej klasy co ""Rashomon"" czy ""Siedmiu samurajów"" (filmy te łączy również osoba scenarzysty, legendarnego Shinobu Hashimoto). Niezwykły wizualnie film Masakiego Kobayashiego wyróżniono Specjalną Nagrodą Jury na festiwalu w Cannes.",https://image.tmdb.org/t/p/w500/5pXaYCB7z9C6kvMBiCnJxm5ztKK.jpg,
289,Casablanca (1943),Drama|Romance,1943,8.1,5872,6.04,"Trwa wojna. Rick prowadzi w Casablance nocny klub. Pewnego dnia zjawia się tam Ilsa, kobieta, w której niegdyś Rick był bardzo zakochany. Planowali wspólnie wyjechać do Paryża, lecz jego ukochana nie zjawiła się w umówionym miejscu. Mroczne tajemnice i klimat wojennej okupacji stanowi tło do opowieści o głębokim i uczuciu i trudnych wyborach życiowych.",https://image.tmdb.org/t/p/w500/j2cdc6lJo2cqpJEfP1cxsAwgZYC.jpg,
10494,Perfect Blue (1998),Animation|Thriller,1998,8.3,3029,5.99,"Mima, sławna piosenkarka postanawia wypróbować swoje aktorskie możliwości, w wyniku czego porzuca swoje dotychczasowe zajęcie. Szybko jednak okazuje się, że praca aktorki nie jest taką jaką sobie wymarzyła a filmy, w których gra, przepełnione są seksem i brutalnością. Rozdarta wewnętrznie Mima zaczyna mieć halucynacje i prześladuje ją przeszłość w osobie wyimaginowanej Mimy piosenkarki.",https://image.tmdb.org/t/p/w500/loZUK5pfU5ivAJ16yfgxDRDsAhw.jpg,
637920,Cud w celi nr 7 (2019),Drama,2019,8.25,4511,5.96,"Niepełnosprawny intelektualnie mężczyzna, któremu odebrano córkę, trafia do więzienia i musi udowodnić, że został niesłusznie oskarżony o zabicie dziecka dowódcy.",https://image.tmdb.org/t/p/w500/sOfUbzu6OUL5cscGODPdpHn9C1g.jpg,
12493,Niebo i piekło (1963),Drama|Crime,1963,8.34,1065,5.93,"Kurosawa opowiada tu historię bogatego właściciela fabryki Gondo. W momencie, kiedy ma on zainwestować majątek całego swojego życia, zostaje telefonicznie poinformowany o porwaniu syna. Suma, którą ma zapłacić w zamian za jego uwolnienie jest praktycznie równa tej, którą chciał zainwestować. Gondo staje przed dylematem moralnym, bowiem okazuje się, że porwano nie jego syna, lecz dziecko jego szofera. Policja wpada na trop kidnapera...",https://image.tmdb.org/t/p/w500/qyMsijzCXBTFlsGeVkER6KqSJOm.jpg,
406,Nienawiść (1995),Drama,1995,8.08,4400,5.72,"24 godziny z życia trójki przyjaciół. Żyd Vinz, Arab Saïd oraz Murzyn Hubert mieszkają w jednym z blokowisk na paryskim przedmieściu. Jak większość mieszkańców tej dzielnicy, są bezrobotni, pozbawieni perspektyw i nadziei na lepsze jutro. Nuda i bezczynność często kończą się łamaniem prawa oraz potyczkami z policją. Kiedy chłopcy dowiadują się, że stróże prawa dotkliwie pobili ich kolegę, młodego Araba, postanawiają się zemścić. Nakręca się spirala przemocy. Chęć odwetu prowadzi do tragicznego epilogu.",https://image.tmdb.org/t/p/w500/c1rh2XqyZyfw21oHmOl3GetrI2i.jpg,
11216,Cinema Paradiso (1988),Drama|Romance,1988,8.4,4693,5.71,"Włoski reżyser Salvatore po latach powraca pamięcią do czasów dzieciństwa spędzonego w małym sycylijskim miasteczku. Cały świat zaaferowany jest wydarzeniami politycznymi po II wojnie światowej, jednak tutaj, w prowincjonalnym miasteczku, ludzie żyją swoimi sprawami, a ich jedyną rozrywką są filmy wyświetlane w kinie parafialnym 'Paradiso'. Toto, jak nazywają w mieście małego Salvatore, przyjaźni się z miejscowym kinowym operatorem Alfredo, który wprowadza chłopca w magiczny świat ruchomych obrazków.",https://image.tmdb.org/t/p/w500/3hcXpztAe9L6VLpDGwohS01ZSxw.jpg,
103663,Polowanie (2012),Drama,2012,8.1,4571,5.7,"Niewinne kłamstwo małoletniej podopiecznej zmienia w piekło życie nauczyciela z prowincji (Mads Mikkelsen, niezapomniany przeciwnik Bonda z ""Casino Royale""). Mężczyzna staje się celem nagonki lokalnej społeczności, która z góry uznaje go winnym i postanawia na własną rękę wymierzyć sprawiedliwość.  Błyskotliwy thriller Thomasa Vinterberga, z poruszającą i zapadającą w pamięć rolą Madsa Mikkelsena, był jedną z największych sensacji ostatniej edycji MFF w Cannes, zdobywając trzy nagrody: dla najlepszego aktora, Jury Ekumenicznego oraz Vulcain Prize za zdjęcia Charlotte Bruus Christensen. ""Polowanie"" jest laureatem British Independent Film Award dla najlepszego filmu zagranicznego, Nagrody Publiczności MFF w Vancouver, zostało też nominowane do BAFTA w kategorii Najlepszy Film Nieanglojęzyczny.",https://image.tmdb.org/t/p/w500/dDlQQZFSpXgLeujdhzIdqwb184Z.jpg,
426,Zawrót głowy (1958),Mystery|Romance|Thriller,1958,8.2,6165,5.24,"Akcja filmu rozgrywa się w San Francisco. James Stewart w roli cierpiącego na lęk wysokości detektywa, wynajętego by śledzić żonę przyjaciela, która ma skłonności samobójcze. Kiedy pewnego dnia udaje mu się uratować ją przed skokiem do zatoki, uświadamia sobie, że ta piękna, tajemnicza kobieta stała się obiektem jego obsesyjnego pożądania.",https://image.tmdb.org/t/p/w500/t8GZJc8WQxltWiZZ8xtC1ZDVeeP.jpg,
149871,Księżniczka Kaguya (2013),Animation|Drama|Fantasy,2013,8.09,1923,5.17,Starzejący się zbieracz bambusu w jednej z łodyg rośliny znajduje malutką dziewczynkę. Bierze ją za księżniczkę zesłaną mu przez niebiosa jako błogosławieństwo. Wraz z żoną wychowują ją jak własną córkę. Z czasem dziewczynka wyrasta na piękną kobietę. Otoczona mnóstwem adoratorów konsekwentnie odrzuca wszystkie propozycje zaręczyn. A najbardziej zdeterminowanym kandydatom wyznacza niemożliwe do spełnienia zadania. Pewnego dnia w księżniczce Kaguyi zakochuje się sam cesarz…,https://image.tmdb.org/t/p/w500/rJk2eNh7X9dl2Nxi0VBEBjcZVrx.jpg,
517814,Kafarnaum (2018),Drama,2018,8.1,1901,5.14,"W zaniedbanej części Bejrutu wraz z rodzicami i kilkorgiem rodzeństwa mieszka 12-letni Zain (wybitna rola Zaina Al Rafeey). Chłopak pracuje fizycznie w sklepie mężczyzny, który planuje poślubić jego młodszą siostrę. Każdego dnia odprowadza smutnym wzrokiem vana wiozącego jego rówieśników do szkoły oraz kłóci się z dorosłymi. Te awantury w końcu znajdą finał na sądowej sali. Zain pozywa rodziców za to, że się urodził. Takich jak on - systemowo zaniedbywanych, pozbawionych dzieciństwa, odciętych od edukacji - jest wielu.  [opis dystrybutora dvd]",https://image.tmdb.org/t/p/w500/jjoSYWmWc87o3LlPEcLP1H4eNVt.jpg,
19404,Żona dla zuchwałych (1995),Comedy|Drama|Romance,1995,8.52,4541,5.13,"""Żona dla zuchwałych"", dziś już bollywoodzki klasyk, to jeden z najbardziej znanych i najdłużej granych indyjskich filmów w historii, nagrodzony wieloma nagrodami, w tym za najlepszy film 1995 roku. To właśnie w ""Żonie dla zuchwałych"" dzisiejsze megagwiazdy Bollywood -Shahrukh Khan (w roli Raja) i Kajol (w roli Simran) -stworzyły swój najsłynniejszy duet. Raj i Simran to młodzi Pendżabczycy mieszkający z rodzinami w Londynie. Ta dwójka poznaje się i prawie natychmiast zakochują w czasie podróży z przyjaciółmi po Europie. Ojciec Simran jest jednak silnie związany ze swą ojczyzną, dlatego postanawia, że córka wyjdzie za syna jego przyjaciela i osiądzie w Pendżabie. Gdy dowiaduje się, że Simran kocha kogoś innego, natychmiast wywozi do Indii całą rodzinę. Raj rusza w ślad za nimi. Będzie musiał się pokonać szereg przeszkód, by przekonać do siebie rodziców ukochanej, przechytrzyć upatrzonego przez nich kandydata na męża i samemu nie dać się wyswatać z inną",https://image.tmdb.org/t/p/w500/2CAL2433ZeIihfX1Hb2139CX0pW.jpg,
531428,Portret kobiety w ogniu (2019),Drama|Romance|History,2019,8.1,2836,5.0,"Opowieść o miłości wyprzedzającej swój czas i intymnej więzi zdolnej przełamać niejedno tabu, ubiera w kostium – akcja rozgrywa się w Bretanii w 1770 roku – jak najbardziej współczesne pragnienia i uczucia. Bohaterkami filmu są szykowana do aranżowanego małżeństwa arystokratka Heloiza oraz przybyła z Paryża malarka, Marianna. Ta druga ma namalować portret tej pierwszej, ale w sekrecie: Heloiza nie chce bowiem pozować, buntując się w ten sposób przeciwko przymusowemu zamążpójściu. Marianna dyskretnie obserwuje swoją modelkę, intensywnie tworzy, ale niszczy kolejne wersje obrazu. Czuje, że nie pozna prawdziwego oblicza młodej kobiety tak długo, jak sama będzie ukrywać własne.",https://image.tmdb.org/t/p/w500/ezwsV3AUa8l9XPWqIAL73wMO0o6.jpg,
92060,Thriller (1983),Horror|Thriller|Music,1983,8.2,732,4.98,Podczas powrotu z kina Michael i jego dziewczyna zostają zaatakowani przez żywe trupy.,https://image.tmdb.org/t/p/w500/dYHGoPMkZMVuBA4EydmDQMo1EEv.jpg,
620683,Minha Mãe é uma Peça 3: O Filme (2019),Comedy,2019,8.2,491,4.94,,https://image.tmdb.org/t/p/w500/zw77BFPGJ73Lig8GwRzYj1XHq53.jpg,
15804,Chłopiec z ulicy Guling (1991),Crime|Drama|Romance,1991,8.3,368,4.91,"Chłopiec doświadcza pierwszej miłości, przyjaźni i niesprawiedliwości, dorastając w Tajwanie w latach 60.",https://image.tmdb.org/t/p/w500/gXvyDspzokDAjG0C3rSrszTj12j.jpg,
458220,Palmer (2021),Drama,2021,8.13,1847,4.85,"Po 12 latach w więzieniu były gwiazdor licealnej drużyny futbolowej, Eddie Palmer, powraca do domu, by zacząć od nowa. Jednak gdy nawiązuje kontakt z chłopcem w trudnej sytuacji domowej, jego przeszłość rzuca cień na nowe życie rodzinne.",https://image.tmdb.org/t/p/w500/xSDdRAjxKAGi8fUBLOqSrBhJmF0.jpg,
567,Okno na podwórze (1954),Thriller|Mystery,1954,8.35,6959,4.66,"Kiedy fotograf J.B. „Jeff” Jeffries łamie nogę i zostaje przykuty do wózka inwalidzkiego, jego obsesją staje się obserwowanie życia prywatnego sąsiadów. Podejrzewając pewnego sprzedawcę o zamordowanie żony, Jeffries prosi swoją przyjaciółkę – bywającą w towarzystwie, elegancką kobietę – aby pomogła mu ustalić rzeczywisty bieg wydarzeń. Wydarzeń, które doprowadzą do jednego z najbardziej emocjonujących zakończeń w historii filmu.",https://image.tmdb.org/t/p/w500/oQVvQbwMa4Td1rWWYZCjIUMgyv4.jpg,
527641,Trzy kroki od siebie (2019),Romance|Drama,2019,8.2,5843,4.62,"Stella Grant (Haley Lu Richardson) już za chwilę będzie miała siedemnaście lat… Jak każda nastolatka nie odrywa się od laptopa i z całego serca kocha swoich najlepszych przyjaciół. Od innych nastolatek odróżnia ją jednak to, że większość życia spędza w szpitalu, cierpiąc na mukowiscydozę. Jej życie to zwyczaje, zasady i samokontrola – to dzięki nim żyje. Wszystko to zostanie poddane wielkiej próbie, gdy pozna czarującego Willa Newmana (Cole Sprouse), również pacjenta szpitala.",https://image.tmdb.org/t/p/w500/74Jn0du9mbHgh5ShXY3HmwQuq7S.jpg,
284,Garsoniera (1960),Comedy|Drama|Romance,1960,8.2,2545,4.58,"Główny bohater Calvin Clifford Baxter jest solidnym pracownikiem firmy zatrudniającej ogromne rzesze ludzi, gdzie trudno o awans lub podwyżkę. Calvin na pozór prowadzi normalne życie. Jednak podejrzenia co do jego osoby zaczynają tworzyć się w momencie, gdy po firmie krąży niewielki kluczyk przekazywany z rąk do rąk. Jest bardzo cenny, bo nawet jego przełożeni Baxtera usilnie starają się go dostać. Jak się później okazuje kluczyk ten jest własnością owego bohatera. A dokładniej mówiąc jest to kluczyk do jego mieszkania. Po drodze napotkamy na liczne romanse urzędników i ich zmagania z ukrywaniem prawdy, co faktycznie robią w tym mieszkaniu. A co na to sam Baxter? Zobaczcie sami.",https://image.tmdb.org/t/p/w500/kuHph4eLebzEjsBYQNHqN9X7hdh.jpg,
239,"Pół żartem, pół serio (1959)",Comedy|Romance|Crime,1959,8.09,3757,4.53,"Pod koniec szalonych lat dwudziestych, w czasach prohibicji, początku ery swingu i kulminacji wojen gangsterskich dwaj bezrobotni muzycy, Jerry i Joe, są przypadkowo świadkami porachunków kryminalnych w dniu świętego Walentego. Wiedzą za dużo, więc nie pozostaje im nic innego, jak zwiać najdalej, jak to możliwe. Jedynym ratunkiem okazuje się ucieczka z Chicago na Florydę i to w kobiecym przebraniu. Teraz już jako Daphne i Josephine na chwilę przed odjazdem pociągu trafiają do żeńskiego zespołu jazzowego, udającego się na koncerty do Miami.",https://image.tmdb.org/t/p/w500/yldntxtW3Qa5FjYSG0SlUBrzuyo.jpg,
42269,C'eravamo tanto amati (1974),Drama|Comedy,1974,8.29,628,4.53,,https://image.tmdb.org/t/p/w500/jsjfvG1971tCUPtvj1dNSPWNzST.jpg,
411088,Contratiempo. Niewidzialny gość (2017),Drama|Mystery|Thriller,2017,8.09,4839,4.51,"Bogaty biznesmen Adrián Doria zostaje znaleziony w górskim pokoju hotelowym ze zwłokami swojej kochanki u boku, fotografki Laury Vidal. Aresztowany przez policję zatrudnia Virginię Goodman, doświadczoną prawniczkę. Mężczyzna opowiada adwokatce o tym, co się wydarzyło i swoim związku z Laurą.",https://image.tmdb.org/t/p/w500/2aDS5gmgvcw7P7BfoxqtnIktHDk.jpg,
441130,Sekret wilczej gromady (2020),Animation|Family|Adventure|Fantasy,2020,8.19,1326,4.48,"Młoda łowczyni wyrusza wraz z ojcem do Irlandii, by zapolować na ostatnią wilczą watahę. Wkrótce zaprzyjaźnia się jednak z ceniącą wolność dziewczynką z tajemniczego plemienia, którego członkowie podobno zamieniają się nocą w wilki.",https://image.tmdb.org/t/p/w500/7lrVOCC3mW6nki4Tjb1THtHhcch.jpg,
508965,Klaus (2019),Animation|Family|Adventure|Comedy|Fantasy,2019,8.23,4520,4.42,"Samolubny listonosz i samotny twórca zabawek nawiązują niezwykłą przyjaźń, dając radość mieszkańcom mroźnego i mrocznego miasteczka, którzy bardzo jej potrzebują.",https://image.tmdb.org/t/p/w500/3saCdQSoZYUGxATcLxeNKXQyHQ7.jpg,
812225,Black Clover: Sword of the Wizard King (2023),Animation|Fantasy|Action|Adventure,2023,8.13,345,4.37,"Gdy chłopiec o lwim sercu, który nie panuje nad mocą, staje do walki o tytuł Cesarza Magii, czterech dawno wygnanych magów powraca, aby zniszczyć Królestwo Clover.",https://image.tmdb.org/t/p/w500/g85h1LAX3WuDCjzHvf4NToL7och.jpg,
820067,Gotoubun no Hanayome Movie (2022),Animation|Comedy|Romance,2022,8.3,427,4.33,,https://image.tmdb.org/t/p/w500/fOTg158koIDobG9Dhh94unOuKd8.jpg,
387,Okręt (1981),Drama|History|War,1981,8.08,2413,4.3,Das Boot: arcydzieło Wolfganga Petersena oparte na bestsellerowej powieści Lothara Günthera Buchheima o ostatniej wyprawie niemieckiego U-boota podczas II wojny światowej.,https://image.tmdb.org/t/p/w500/aNPmzwQXo7TaHmB1oMXNeqes9kF.jpg,
490,Siódma pieczęć (1957),Fantasy|Drama,1957,8.16,3245,4.25,"Antonius Block wraz z giermkiem Jönsem powraca z wyprawy krzyżowej. Dla rycerza podróż przez ziemie ogarnięte zarazą jest drogą do poznania prawdy o wieczności. Jedynie Śmierć gotowa jest podjąć z nim rozmowę, prowadząc pojedynek szachowy. Stawką w grze jest życie rycerza.",https://image.tmdb.org/t/p/w500/o4TgfKhK9J7dRf0cboyjEmoI6dd.jpg,
19,Metropolis (1927),Drama|Sci-Fi,1927,8.1,3005,4.21,"Przyszłość. Ludzie są podzieleni na dwie grupy: myślicieli, którzy stwarzają plany (ale nie wiedzą jak wszystko działa), oraz robotników, którzy wytwarzają (ale nie mają żadnej wizji). Są od siebie kompletnie odseparowani, ale razem tworzą jednak całość. Jeden człowiek z grupy myślicieli ośmiela się odwiedzić podziemia, gdzie robotnicy wykonują trudną pracę. Jest bardzo zdziwiony tym, co zobaczył...",https://image.tmdb.org/t/p/w500/vODOVn29fr0nLF9MVfpfKDcxuXF.jpg,
16672,Kobieta z wydm (1964),Drama|Thriller,1964,8.2,500,4.15,Młody mężczyzna trafia do stojącej pośród wydm chatki. Mieszkająca w niej kobieta nie opuszcza swojego domu z powodu niesprzyjających warunków atmosferycznych.,https://image.tmdb.org/t/p/w500/T1jHXitkLZGfs6tkW9qYzqhKo0.jpg,
283566,Evangelion: 3.0+1.01 Od–nowa (2021),Animation|Action|Sci-Fi|Drama,2021,8.2,902,4.14,"Czwarty i ostatni film tetralogii. Misato i WILLIE – grupa sprzeciwiająca się działaniom NERV-u – docierają do obecnie czerwonego Paryża. Załoga statku Wunder ląduje na wieży bezpieczeństwa i ma zaledwie 720 sekund na uratowanie miasta. Gdy pojawia się rój Evangelionów NERV-u, Mari musi stawić im czoła w Ulepszonej Jednostce 08. Tymczasem Shinji, Asuka i Rei (imię robocze) wędrują po Japonii. (Źródło: Amazon Prime Video)",https://image.tmdb.org/t/p/w500/wEtHaLIpe1FxMBOhZ7HzCmtYb8j.jpg,
761053,Gabriel's Inferno: Part III (2020),Romance|Drama,2020,8.36,1073,4.13,"Ostatnia część filmowej adaptacji erotycznego romansu Gabriel's Inferno, napisanego przez anonimowego kanadyjskiego autora pod pseudonimem Sylvain Reynard.",https://image.tmdb.org/t/p/w500/fYtHxTxlhzD4QWfEbrC1rypysSD.jpg,
18148,Tokijska opowieść (1953),Drama,1953,8.16,1174,4.07,"Para staruszków przyjeżdża do Tokio, by odwiedzić dzieci i wnuki. Niestety, młodzi są ciągle zabiegani. Starsi państwo nie mogą się oprzeć wrażeniu, że ich wizyta zamiast radości wywołuje konsternację. Decydują się na powrót do domu. Gdy wkrótce seniorka rodu umiera, dzieci i wnuki składają rewizytę.",https://image.tmdb.org/t/p/w500/7aGuyT3GSKzYJV5BD1foZLiXO5v.jpg,
592350,My Hero Academia: Heroes Rising (2019),Animation|Action|Fantasy|Adventure,2019,8.15,1243,4.03,,https://image.tmdb.org/t/p/w500/g6mFMxI6cDUHxiskzrId5ZrGcfP.jpg,
935,"Doktor Strangelove, lub jak przestałem się martwić i pokochałem bombę (1964)",Comedy|War,1964,8.12,5992,4.0,"Klasyczna czarna komedia Stanleya Kubricka o grupie wojskowych, którzy planują nuklearną apokalipsę, wydaje się dziś bardziej aktualna niż kiedykolwiek. Korzystając z politycznego zamieszania dwaj psychopatyczni generałowie - komandor amerykańskich sił zbrojnych Jack D. Ripper i szef sztabu ""Buck"" Turgidson - zawiązują szatański spisek, którego celem ma być atak nuklearny na strategiczne cele Rosjan. Mózgiem intrygi jest Dr Strangelove, przykuty do wózka inwalidzkiego szalony naukowiec, który snuje przedziwne teorie dotyczące przyszłości rodzaju ludzkiego. Szaleńców starają się powstrzymać prezydent Stanów Zjednoczonych i generał Mandrake, ale ich wysiłki spełzają na niczym. ""Dr Strangelove"", który na trwałe wszedł do klasyki światowego kina, w równym stopniu bawi, co przeraża.",https://image.tmdb.org/t/p/w500/dG1kXJ1OBDXP8JIx1IvvDov5Pq5.jpg,
620249,罗小黑战记 (2019),Animation|Fantasy|Action,2019,8.32,434,3.99,"Gdy dom kociego ducha Luo Xiaoheia zostaje zniszczony przez ludzi, wyrusza on na poszukiwanie nowego schronienia. Podczas podróży uczy się panować nad swoimi mocami i musi zdecydować, po której stronie stanąć – duchów czy ludzi.",https://image.tmdb.org/t/p/w500/4efytN4Bki4VlqnAMjsWdEGj4Sb.jpg,
872,Deszczowa piosenka (1952),Comedy|Romance,1952,8.14,3388,3.81,"Akcja filmu rozgrywa się w 1927 roku. Gdy para aktorów filmu niemego znajduje się u szczytu sławy, wypuszczony zostaje pierwszy film dźwiękowy i wszystko się zmienia. Lina Lamont nie może przestawić się na film dźwiękowy z powodu swojego głosu. Jej filmowy partner Donald Lockwood i jego nowo poznana przyjaciółka Kathy postanawiają z Kathy zrobić dublerkę słynnej Liny Lamont. Oczywiście musi to doprowadzić do zgrzytu między kobietami, gdyż obie zainteresowane są Donaldem.",https://image.tmdb.org/t/p/w500/c5JVSQQkyBMM43oCFQEIXLJy2td.jpg,
599,Bulwar Zachodzącego Słońca (1950),Drama,1950,8.28,2837,3.8,"W basenie jednej z posiadłości na Sunset Boulevard w Los Angeles, odnaleziony zostaje topielec. Nieboszczyk jest głównym bohaterem filmu, który, jako narrator, od tego właśnie momentu rozpoczyna snuć historię, która wyjaśni jak doszło do jego morderstwa.",https://image.tmdb.org/t/p/w500/sKu867NrcWKyCW2OeEjZEPsN31J.jpg,
31439,Żyć! (1994),Drama|Romance|War,1994,8.1,353,3.72,"Chiny poczatek XX wieku; epicka saga ukazującą losy członków pewnej rodziny. Po wojnie domowej i przejęciu władzy przez komunistów, bankructwo Fugui i Jiazheny okazuje się być szczęściem w nieszczęściu. Rodzina musi stawić czoło wojennej zawierusze, rewolucji kulturalnej i terrorowi Mao Tse Tunga.Dzięki woli przeżycia, zachowaniu więzów rodzinnych, udaje się jej pokonać największe nieszczęścia i przeciwności losu.",https://image.tmdb.org/t/p/w500/bv0qREWTw8TPAtgt22ELp1UlKVl.jpg,
655,"Paryż, Teksas (1984)",Drama,1984,8.09,2123,3.66,"Na teksańskiej pustyni, niedaleko granicy z Meksykiem, pojawia się samotny mężczyzna. Nielegalnie przekroczył granicę, i od wielu dni błąka się po okolicy. Kiedy wreszcie dociera do pierwszej amerykańskiej osady, z wyczerpania mdleje. Okazuje się, że mężczyzna ma amnezję, nie wie, kim jest i skąd przyszedł. Na podstawie odnalezionych przy nim dokumentów lekarze docierają do mieszkającego w Los Angeles Walta. Ten ze zdumieniem rozpoznaje w pacjencie swojego starszego brata, Travisa, który cztery lata wcześniej porzucił żonę i synka i wszelki słuch po nim zaginął...",https://image.tmdb.org/t/p/w500/vMr6XqmQ8JLdIdE1V2bu0AugYG.jpg,
40096,Testament psa (2000),Comedy|Drama|Fantasy|Romance,2000,8.42,1197,3.62,"Film nagrodzony na MFF w Kartagenie i Mar del Plata oraz Brazylijskimi Nagrodami Filmowymi, a w Polsce pokazywany w ramach 3. Festiwalu Filmów Latynoamerykańskich.  ""Testament psa"" to zabawna komedia pełna magii i surrealizmu, która podbiła serca milionów widzów w Brazylii. Główny bohater to przebiegły biedak, który aby zdobyć kawałek chleba wodzi za nos bogatszych, choć głupszych mieszkańców swojej wioski. Konsekwencje jego intryg są katastrofalne dlatego staje przed obliczem (czarnego) Jezusa Chrystusa i Matki Boskiej, aby wytłumaczyć się ze swoich czynów.",https://image.tmdb.org/t/p/w500/imcOp1kJsCsAFCoOtY5OnPrFbAf.jpg,
1398,Stalker (1979),Sci-Fi|Drama,1979,8.11,2415,3.62,"W małej, rosyjskiej miejscowości, miało kiedyś miejsce lądowanie kosmitów. Kosmici już się wynieśli - po ich lądowaniu powstał obszar, zwany Strefą, obszar, który rządzi się własnymi prawami, każdy może do niego wejść, ale nie każdy zdoła go opuścić. Po Strefie oprowadzają ludzi Stalkerzy. Jeden z nich ma za zadanie wprowadzić do strefy dwóch ludzi - Pisarza i Profesora. Pragną oni dotrzeć do tajemniczego miejsca, istniejącego w samym środku Strefy, gdzie człowiek może spełnić swoje najskrytsze marzenia. Wędrówka jednak może okazać się arcytrudna...",https://image.tmdb.org/t/p/w500/9OJ9Tb3xwYZHNee6cNRGCCnXMuW.jpg,
1186532,Przemiana (2024),Drama|Family,2024,8.25,316,3.57,"19-letni Isaiah Wright (Aspen Kennedy) żyje dla koszykówki i gier wideo. Rok po ukończeniu liceum nie ma pracy, planów i pojęcia, jak być mężczyzną. W konflikcie ze swoją samotną matką Cynthią (Priscilla C. Shirer) otrzymuje ultimatum – albo się wyprowadzi, albo zrobi krok naprzód. Czując przyciąganie ze strony przyjaciół i nacisk ze strony matki, Isaiah zostaje zatrudniony w Moore Fitness, nieświadomy, jak właściciel wpłynie osobiście na jego życie. Dzięki modlitwom matki i nieoczekiwanym wskazówkom od nowego mentora Isaiah jest zmuszony zmierzyć się ze swoją przeszłością, poświęcić swój egoizm i odkryć, że Bóg może mieć większy cel dla jego życia.",https://image.tmdb.org/t/p/w500/oranxontIQRmhuyQlkoAwxpeBYz.jpg,
600354,Ojciec (2020),Drama,2020,8.1,3502,3.52,"To przejmujący obraz o przemijaniu i miłości. Laureatka Oscara, Olivia Colman gra Annę, która stara się opiekować 80-letnim ojcem, Anthonym (Anthony Hopkins). Anne martwi się stanem ojca, który wykazuje oznaki demencji. Anthony ma raz lepsze raz gorsze dni, potrafi kaprysić, odrzuca kolejnych opiekunów proponowanych przez córkę. Anna widzi jak ojciec powoli gaśnie.",https://image.tmdb.org/t/p/w500/hXxwxWmgnqH5OIyme1Zu1I6wDqO.jpg,
274,Milczenie owiec (1991),Crime|Thriller|Drama,1991,8.35,17461,3.46,"Psychopata porywa i morduje młode kobiety na środkowym zachodzie. Wierząc, że w ujęciu tego mordercy dopomoże tylko inny przestępca, F.B.I. wysyła agentkę Clarice Starling (Jodie Foster) na wywiad z obłąkanym więźniem, który może dostarczyć psychologicznych przesłanek i tropów do kolejnych działań zabójcy. Więzień, psychiatra, dr. Hannibal Lecter (Anthony Hopkins) jest genialnym mordercą-kanibalem, który pomoże Agentce Starling, jeżeli ona będzie karmić jego chorą ciekawość detalami ze swojego skomplikowanego życia. Ta pokręcona relacja zmusza Starling nie tylko do konfrontacji z jej psychicznymi demonami, ale doprowadza ją również do spotkania twarzą w twarz z szalonym, ohydnym mordercą, wcieleniem zła tak potężnym, że nie będzie miała odwagi - ani siły - by go zatrzymać!",https://image.tmdb.org/t/p/w500/qWG1nSFlp4oNwSSTCPk3Q3n4FlD.jpg,
632632,Given Movie (2020),Animation|Drama|Music|Romance,2020,8.26,411,3.45,"Film skupia się na Harukim i Akihiko. Podobnie jak w prequelu, czekają nas miłosne uniesienia i chwile śmiechu, ale także gorzkie rozczarowania i mnóstwo łez.",https://image.tmdb.org/t/p/w500/fsEq2LddodaHvhs4mTZAaqOV6sR.jpg,
422,Osiem i pół (1963),Drama,1963,8.11,2467,3.43,"Machina promocyjna ruszyła, ustawiono dekoracje, zatrudniono aktorów, ustalono termin rozpoczęcia zdjęć, producenci obliczają zyski, widzowie niecierpliwie czekają na premierę. Brakuje tylko pomysłu na film. Na planie filmowym Guido improwizuje, wspomina dzieciństwo, kochanki, postaci stworzone w poprzednich produkcjach. Rzeczywistość miesza się z marzeniami a przeszłość z wizją kolejnego filmu.  Bohater ""Osiem i pół"" to w dużej mierze sam Fellini, którego po 6 pełnych i 3 krótkich metrażach (ten miał być „ósmym i pół”) ogarnął kryzys twórczy. Wydaje się, że reżyser podchodził jednak do tego z dystansem: przy obiektywie kamery miał umieścić kartkę z napisem: Pamiętaj, że to komedia.",https://image.tmdb.org/t/p/w500/tTbxfJpNcGM63K5hJEi36Fr3qEa.jpg,
372754,同級生 (2016),Romance|Animation,2016,8.3,424,3.38,,https://image.tmdb.org/t/p/w500/7byisQANRFHf9SC60n5PaLywuMa.jpg,
522924,Sztuka ścigania się w deszczu (2019),Drama|Romance,2019,8.19,1619,3.32,"Denny to kierowca wyścigowy bez reszty oddany swemu kochającemu, mądremu, przejawiającemu niemal ludzkie cechy psu o imieniu Enzo. Enzo jest dla Denny’ego więcej niż zwierzakiem domowym – to jego najlepszy przyjaciel. Pewnego dnia Denny poznaje nauczycielkę Eve; jakiś czas później zakochani pobierają się, wkrótce potem rodzi im się dziecko. Z pomocą Eve i Enzo Denny uczy się zasad życia rodzinnego, również w czasach kryzysu, korzystając z lekcji, które pobierał na torze wyścigowym.",https://image.tmdb.org/t/p/w500/eZIVNdhzekLOk9bKd1JmoLC5mWs.jpg,
1103621,"Jak zdobyć miliony, zanim babcia umrze (2024)",Drama,2024,8.13,345,3.32,"M., absolwent uniwersytetu, któremu brakuje pieniędzy i szczęścia, zgłasza się na ochotnika do opieki nad nieuleczalnie chorą babcią w nadziei, że uda mu się zdobyć spadek.",https://image.tmdb.org/t/p/w500/ciBi4QmK13W8TlCd2hcgucqgb0.jpg,
265177,Mama (2014),Drama,2014,8.22,2801,3.2,"Owdowiała kobieta wychowuje samotnie agresywnego syna. Chłopak ma piętnaście lat i cierpi na ADHD. Wspólnie próbują związać koniec z końcem i stawić czoła problemom. Nieoczekiwanie w ich życiu pojawia się Kyla, tajemnicza sąsiadka mieszkająca po drugiej stronie drogi. Dziewczyna sprawia, że w życiu matki i syna znów pojawia się nadzieja na lepszą przyszłość.",https://image.tmdb.org/t/p/w500/AnL7GLMMfa5M6sQ8uxkXeN1A3d0.jpg,
770156,Lucy Shimmers and the Prince of Peace (2020),Drama|Family,2020,8.36,334,3.2,,https://image.tmdb.org/t/p/w500/yfnJ5qIYx7q33fY4jqv9Pu95RSg.jpg,
975,Ścieżki chwały (1957),War|Drama,1957,8.26,3168,3.16,"Rok 1916. Linia frontu w zachodniej Europie, gdzieś pomiędzy Francją a Niemcami. Gen. George Broulard, kusząc gen. Paula Mireau perspektywą rychłego awansu, nakłania go do zaatakowania niemieckich pozycji na wzgórzu Ant Hill. Ten, jak na odważnego dowódcę przystało, gotów jest walczyć do ostatniej kropli krwi swoich ludzi. Wysyła oddział na pewną śmierć, dowodzenie akcją powierza pułkownikowi Daxowi. Pułkownik dzielnie kieruje atakiem, ale gdy wie już, że sprawa jest przegrana, odwołuje ludzi, nie bacząc na rozkazy ""z góry"". ""Góra"" zadowolona być nie może, czemu daje upust, stawiając trzech żołnierzy przed sądem wojennym za tchórzostwo. Ich ukaranie, a jakże, karą śmierci, ma być przestrogą dla innych. Obrony oskarżonych podejmuje się pułkownik Dax.",https://image.tmdb.org/t/p/w500/p7OHwomA8UOhe3EhckF2IetBTh9.jpg,
664767,Mortal Kombat Legends: Scorpion's Revenge (2020),Animation|Action|Fantasy,2020,8.09,1430,3.12,"Hanzo Hasashi, wojownik klanu Shirai Ryu, zostaje podstępnie zamordowany wraz z całym swoim klanem. W krainie podziemia spotyka czarnoksiężnika Quan-Chi, który oferuje mu możliwość dokonania zemsty w zamian za drobną przysługę. Hanzo - teraz już jako Scorpion - godzi się i wyrusza na tajemniczą wyspę, gdzie już wkrótce odbędzie się turniej sztuk walki, od wyniku którego zależą losy całego naszego świata.",https://image.tmdb.org/t/p/w500/iBvo3qOPcmhlqAaJcXcQHtx2qLk.jpg,
696374,Gabriel's Inferno (2020),Romance|Drama,2020,8.4,2440,3.11,"Intrygująca i grzeszna eksploracja uwodzenia, zakazanej miłości i odkupienia, Gabriel's Inferno to wciągająca i szalenie namiętna opowieść o ucieczce jednego mężczyzny z własnego piekła, gdy próbuje zasłużyć na niemożliwe - przebaczenie i miłość.",https://image.tmdb.org/t/p/w500/oyG9TL7FcRP4EZ9Vid6uKzwdndz.jpg,
575813,Lepsze dni (2019),Drama|Crime|Romance,2019,8.11,524,3.09,"Po samobójstwie szkolnej koleżanki Chen Nian pomaga ulicznemu opryszkowi. Gdy sama staje się ofiarą prześladowań, wchodzi w układ z uratowanym chłopakiem.",https://image.tmdb.org/t/p/w500/bjhoWPRihKSQNbqxvQgcEkOVN3j.jpg,
795607,Zielony wąż (2021),Animation|Fantasy|Action|Adventure,2021,8.1,347,3.01,"Xiao Qing próbuje wyrwać swoją siostrę ze szponów Fahaia, trafia do dystopijnego miasta i spotyka tajemniczego człowieka, który nie pamięta swojej przeszłości.",https://image.tmdb.org/t/p/w500/g1d3uFf3eGvVJQ5Coh793Zi1ASq.jpg,
37257,Świadek oskarżenia (1957),Drama|Mystery|Crime,1957,8.21,1598,2.99,"Sir Wilfrid Robarts właśnie opuścił szpital po ciężkiej chorobie serca. Lekarze zalecają mu spokój i trzymanie się z dala od sali sądowej. Ledwie Wilfrid znalazł się w domu, a już Leonard Vole, oskarżony o zamordowanie bogatej wdowy, która zapisała mu cały majątek, zdołał zainteresować go swoją sprawą. Vole trafił do aresztu, a sir Wilfrid - do sądu. Linia obrony opiera się na zeznaniu żony Vole'a, Christine, która dostarcza mężowi alibi. Nieoczekiwanie w dniu rozprawy kobieta składa zeznania obciążające męża.",https://image.tmdb.org/t/p/w500/bCj4EfuehAlgBwVd3diyWyhuuau.jpg,
110420,Wilcze dzieci (2012),Animation|Family|Drama|Fantasy,2012,8.22,2416,2.98,"Hana jest 19 letnia dziewczyną która zakochuje się w wilkołaku i razem biorą ślub, którego owocem jest dwójka dzieci Ame i Yuki. Cała czwórka żyje sobie spokojnie do czasu gdy ojciec wilkołak umiera, a Hana postanawia przeprowadzić się razem z dziećmi na wieś z dala od zgiełku miasta.",https://image.tmdb.org/t/p/w500/bpPbVSz4nDVIbqBhFvkam4u6qle.jpg,
797,Persona (1966),Drama,1966,8.14,2350,2.97,"Aktorka Elisabeth Vogler (Liv Ullmann) zaniemówiła w trakcie przedstawienia ""Elektry"". Badania kliniczne wykazały brak przyczyn fizjologicznych, Elisabeth przestała mówić z własnej woli. Lekarka, która się nią opiekuje wysyła ją wraz z młodą pielęgniarką Almą (Bibi Andersson) na rekonwalescencję w domku nad morzem. Pielęgniarka zaczyna coraz bardziej ufać swojej pacjentce i zwierzać się jej ze swoich przeżyć.",https://image.tmdb.org/t/p/w500/mAE4uwrXLlzo5AAxEorFvErdumq.jpg,
20914,Amici miei (1975),Comedy,1975,8.1,731,2.88,,https://image.tmdb.org/t/p/w500/aSviq1eQoubt0au9TEvLJWb7Gys.jpg,
2457,Komedianci (1945),Drama|Romance,1945,8.07,443,2.85,"Arcydzieło klasycznego francuskiego kina. Paryż, I połowa XIX wieku. Bulwar du Temple słynął w czasach Ludwika Filipa ze swych teatrów, gdzie co wieczór rozgrywały się na scenie dramaty namiętności, niejednokrotnie z krwawym zakończeniem. Im to właśnie bulwar zawdzięczał nazwę Ulica Złoczyńców. Na tej ulicy dwaj przyjaciele Frederick i Lemaitre, ujrzeli pewnego dnia piękną dziewczynę Garance ze swoim kochankiem.",https://image.tmdb.org/t/p/w500/cx2U98ThCn9ZN9PoQUYFB98OqoS.jpg,
29259,Dziura (1960),Drama|Thriller|Crime,1960,8.24,538,2.81,"Film opowiada autentyczną historię ucieczki z więzienia, w której sam autor powieści i współscenarzysta José Giovanni brał udział w 1947 roku. Młody, wykształcony więzień Gaspard (Marc Michel) zostaje przeniesiony z innej celi. Nie z własnej woli trafia w sam środek spisku czterech zatwardziałych wyrokowców. Jego przybycie zmusza pozostałych do decyzji: wstrzymać ucieczkę czy dopuścić go do tajemnicy.",https://image.tmdb.org/t/p/w500/pyCMEIAtMPpWTVwZTajcbCIBI3u.jpg,
901,Światła wielkiego miasta (1931),Comedy|Drama|Romance,1931,8.26,2376,2.8,"Bezdomny włóczęga Charlie szuka szczęścia w wielkim mieście. Na ulicy spotyka piękną, niewidomą kwiaciarkę i kupuje od niej kwiaty. Dziewczyna, nie widząc jego zniszczonego ubrania, bierze go za bogacza. Tego samego wieczoru Charlie ratuje pijanego milionera od popełnienia samobójstwa.",https://image.tmdb.org/t/p/w500/bXNvzjULc9jrOVhGfjcc64uKZmZ.jpg,
11878,Straż przyboczna (1961),Drama|Thriller,1961,8.09,1619,2.79,"Historia samotnego wojownika, który w swej wędrówce przybywa do obcego miasta, terroryzowanego przez dwa zwalczające się klany. Oferuje swe usługi temu, kto da więcej, ale odkrywszy zdradę zleceniodawców, doprowadza do sytuacji, w której obie strony ponoszą klęskę.",https://image.tmdb.org/t/p/w500/dX6Uf9bBWS2Ec2yKZ0zGMYUSQ2j.jpg,
914,Dyktator (1940),Comedy|War,1940,8.3,3588,2.79,"Akcja toczy się w fikcyjnym państwie Tomania, ale nie ma wątpliwości, że chodzi tu o Niemcy. Podczas I wojny światowej żydowski żołnierz zostaje ranny i traci pamięć. Po zwolnieniu ze szpitala otwiera salon fryzjerski w getcie. Kombatant szybko odkrywa, że od czasu wojny w Tomanii wiele się zmieniło. Do władzy doszedł krwawy dyktator Adenoid Hynkel. Tyran marzy o panowaniu nad światem - póki co szuka kozłów ofiarnych. Wybiera Żydów i zaczyna ich bezwzględnie prześladować. Fryzjer wraz z innymi mieszkańcami getta zostaje aresztowany.",https://image.tmdb.org/t/p/w500/eCQISbubrBYJecUAdb6yXlzYsOT.jpg,
618344,Justice League Dark: Ostatnia wojna (2020),Animation|Action|Adventure|Fantasy,2020,8.21,1534,2.71,"Ziemia zostaje zdziesiątkowana po tym, jak międzygalaktyczny tyran Darkseid zdewastował Ligę Sprawiedliwości podczas źle przeprowadzonej wojny przez DC Super Heroes. Teraz pozostałe bastiony dobra - Justice League, Teen Titans, Suicide Squad i inni - muszą się przegrupować, opracować strategię i zabrać wojnę do Darkseid, aby ocalić planetę i jej ocalałych mieszkańców.",https://image.tmdb.org/t/p/w500/c01Y4suApJ1Wic2xLmaq1QYcfoZ.jpg,
5156,Złodzieje rowerów (1948),Drama,1948,8.2,2579,2.69,"Powojenne Włochy. Bezrobotni czekają na ogłoszenia o pracę przed Biurem Zatrudnienia. Ojciec rodziny Antonio (Lamberto Maggiorani) dostaje zajęcie, które wymaga poruszania się po mieście rowerem - rozwieszanie ogłoszeń. Razem z żoną Marią (Lianella Carell) wykupuje swój rower z lombardu, gdzie wcześniej go zastawił, aby zdobyć pieniądze na utrzymanie rodziny. W zamian zastawia kilka pamiątek rodzinnych. [filmweb.pl]",https://image.tmdb.org/t/p/w500/rQtQwmhqtbuSIoKw6GwglTT8NaY.jpg,
255709,소원 (2013),Drama,2013,8.4,813,2.62,,https://image.tmdb.org/t/p/w500/PZlNvDwKwHeHUsXnd6SEDXWZNn.jpg,
831827,Daleko od drzewa (2021),Animation|Family,2021,8.07,385,2.58,"Rodzicielstwo jest trudne, zwłaszcza gdy chodzi o ciekawość młodego szopa, którego rodzic pragnie chronić. W tej krótkometrażowej animacji Walt Disney Animation Studios Daleko od drzewa ten młodzieniaszek uczy się żyć z sercem na dłoni… choć zło nie śpi.",https://image.tmdb.org/t/p/w500/qHEEqvn1qEWja6tEgsYaRvbjl7e.jpg,
614,"Tam, gdzie rosną poziomki (1957)",Drama,1957,8.09,1761,2.57,"Arcydzieło kanonu kina europejskiego, stanowiące niezwykle osobiste i sugestywne studium przemijania. Na swoje alter ego Bergman wybrał 80-letniego profesora Borga. Odbywa on wraz z synową podróż ze Sztokholmu do Lund, by wziąć udział w obchodach własnego jubileuszu naukowego. Z pozoru zwyczajny wyjazd zamienia się w magiczną wędrówkę przez odległe obszary pamięci, skłaniającą do refleksji nad życiem i stosunkami z ludźmi.",https://image.tmdb.org/t/p/w500/1jrELhGmbbgkDdksD6yyEXBP3WR.jpg,
3082,Dzisiejsze czasy (1936),Comedy|Drama|Romance,1936,8.28,3958,2.52,"Z maszyny o zębatych kołach, wielkich przekładniach i kilometrach pasów transmisyjnych niczym mała śrubka wypada, grany przez Chaplina, robotnik. Wycieńczony pracą i załamany nowym sposobem podawania pracownikom posiłków – przez rurkę do ust, ląduje w zakładzie psychiatrycznym. Wyleczony ponownie trafia do zakładu zamkniętego, tym razem karnego, gdy podczas nielegalnej demonstracji nieopatrznie podnosi z ulicy czerwoną szmatę.",https://image.tmdb.org/t/p/w500/9LigNhppnEbLJla9SNtr1G0Lwvt.jpg,
81481,Silenced (2011),Drama,2011,8.1,733,2.51,"Córka Gang In-ho jest poważnie chora i wymaga kosztownej operacji. Zrozpaczony ojciec postanawia udać się do szkoły swojej córki i prosić o pomoc. Na miejscu odkrywa, że uczniowie są wykorzystywanie seksualnie przez grono pedagogiczne. Mężczyzna postanawia ujawnić szokującą prawdę...",https://image.tmdb.org/t/p/w500/bBNkmna3iDVpNJmIc8QlECTmiUH.jpg,
829402,Ultraman: Rising (2024),Animation|Sci-Fi|Family|Action,2024,8.17,360,2.5,"Gdy Tokio zaczynają zagrażać ogromne potwory, znany sportowiec niechętnie wraca do domu, aby przejąć od ojca obowiązki Ultramana — i zostać legendarnym bohaterem.",https://image.tmdb.org/t/p/w500/66SPMHHwnXzdpeXIsau7QaZ0tSx.jpg,
995133,"Chłopiec, kret, lis i koń (2022)",Animation|Family|Adventure|Fantasy,2022,8.21,685,2.43,"Historia z bestsellerowej książki Charliego Mackesy’ego ożywa w przepięknej animacji od NoneMore i Bad Robot Productions. Obejrzyj tworzenie się nietypowej więzi pomiędzy czwórką przyjaciół, którzy odkrywają znaczenie dobroci, odwagi i nadziei.",https://image.tmdb.org/t/p/w500/kKDFEHvh0MC0CgzdGGZ1yHyismr.jpg,
447362,Rok na całe życie (2020),Drama|Romance,2020,8.2,1949,2.4,"Siedemnastoletni Daryn dowiaduje się, że jego dziewczyna umiera. W rok, który jej pozostał postanawia dać jej ""całe życie"".",https://image.tmdb.org/t/p/w500/xNcjlHPRNoqbpaYis0Y3zX4Hq0x.jpg,
996,Podwójne ubezpieczenie (1944),Crime|Thriller,1944,8.1,1962,2.29,"Walter Neff (Fred MacMurray) jest jednym z najlepszych agentów ubezpieczeniowych. Zjawia się w domu państwa Dietrichson by odnowić polisę samochodową. W ten sposób poznaje Phyllis (Barbara Stanwyck), nieszczęśliwą młodą mężatkę. Kobieta go oczarowuje. Niedługo potem wspólnie opracowują plan ""zbrodni doskonałej"" - mają ubezpieczyć życie męża kobiety, aby następnie dokonać zabójstwa. Jednak nie wszystko idzie zgodnie z planem...",https://image.tmdb.org/t/p/w500/rVNYZZgfhwqVMMWlBmxOfWqnwCj.jpg,
100,Porachunki (1998),Comedy|Crime,1998,8.1,6996,2.28,"Eddy jest karcianym mistrzem - dla niego karty są praktycznie prześwitujące. Nie istnieje taki ich układ, którego nie odczytałby z twarzy przeciwnika. Pewny swoich zdolności postanawia wziąć udział w rozgrywce o wysokie pieniądze u znanego z brudnych interesów i prowadzenia pornobiznesu Harry'ego ""Hatcheta"" Lonsdale'a. W efekcie nie dość, że traci swoje oszczędności, to zadłuża się jeszcze u gangstera na kolejne 500 000 funtów, które musi zwrócić w ciągu tygodnia. W odzyskaniu pieniędzy pomagają Eddy'emu trzej kumple - Tom, Soap oraz Bacon. Grupa mężczyzn, podsłuchawszy rozmowę swoich sąsiadów spod ciemnej gwiazdy, opracowuje przewrotny plan zdobycia tej kwoty.",https://image.tmdb.org/t/p/w500/9OICBVEs6SDPJS7fP1iDaBcvja4.jpg,
533514,Violet Evergarden – film (2020),Animation|Drama|Fantasy|Romance,2020,8.29,481,2.21,"Pracując jako Auto Memory Doll, Violet Evergarden nauczyła się znaczenia słów „kocham cię”. Jej dusza, głęboko zraniona przez wojnę, zaczęła się goić. Nadal idzie do przodu w życiu, pomagając innym w potrzebie, jednocześnie trzymając blisko jej serca słowa pierwszej osoby, która kiedykolwiek powiedziała „kocham cię”. Kiedy podejmuje pracę, by napisać list do nieuleczalnie chorego chłopca, czas biegnie do przodu.",https://image.tmdb.org/t/p/w500/5BMp3snTCkSKxVbhCYrupxemBtJ.jpg,
10376,1900 Człowiek legenda (1998),Drama|Music,1998,8.24,2379,2.2,"Historia genialnego muzyka, który całe życie spędził na pokładzie liniowca. Marynarz luksusowego parostatku ""USS Virginian"" przygarnia porzucone niemowlę i nazywa go Danny Boodmann T.D. Lemon 1900. Nadaje maluchowi swoje imię i nazwisko, dodając napis, który widniał na pudełku, w którym go znaleziono, oraz rok, w którym się to stało. Gdy wychowujący się w maszynowni chłopiec odkrywa fortepian, okazuje się, że jest uzdolniony muzycznie. Sam uczy się grać. Wkrótce jego muzyka zachwyca pasażerów, a wieści o jego talencie obiegają świat.",https://image.tmdb.org/t/p/w500/pHO3cBHOxQ1Huiopf2uZGmS2nVe.jpg,
1160164,TAYLOR SWIFT | THE ERAS TOUR (2023),Music,2023,8.2,501,2.19,"Film koncertowy dokumentujący rekordową trasę koncertową Taylor Swift Eras Tour (2023-2024). Film nakręcony podczas koncertów w Los Angeles uchwycił dziesięć aktów trasy, z których każdy reprezentuje inną epokę muzyczną w karierze Swift. Film prezentuje ponad 40 piosenek, rozbudowane produkcje sceniczne i występ Swift.",https://image.tmdb.org/t/p/w500/jf3YO8hOqGHCupsREf5qymYq1n.jpg,
537061,Steven Universe: Film (2019),TV Movie|Adventure|Animation|Fantasy|Music|Sci-Fi|Action|Drama,2019,8.2,837,2.17,"Pewien chłopiec dzięki magicznemu kamieniowi zyskuje niezwykłą moc. Wspierany przez Kryształowe Wojowniczki, uczy się ją kontrolować. Musi stawić czoło złowrogiej Spinel i zapobiec zagładzie.",https://image.tmdb.org/t/p/w500/8mRgpubxHqnqvENK4Bei30xMDvy.jpg,
476292,Kiedy zakwitnie obiecany kwiat (2018),Animation|Fantasy|Drama|Adventure,2018,8.16,683,2.09,"Mieszkańcy krainy Iorph przestają się starzeć w wieku kilkunastu lat i mogą żyć przez wieki. Pewnego dnia armia Mesarte najeżdża Iorph. Dzięki zbiegowi okoliczności jednej z mieszkanek, Maquii, udaje się uciec. W lesie znajduje osierocone ludzkie niemowlę. Maquia postanawia się nim zaopiekować. Opowieść nawiązuje do relacji, która ewoluuje między nimi, gdy Ariel dorasta, a Maquia nie.",https://image.tmdb.org/t/p/w500/r6Men4NrCj77ROJBrWeddbxe2sI.jpg,
652837,Josee to Tora to Sakana-tachi (2020),Animation|Drama|Romance,2020,8.29,558,2.09,"Historia koncentruje się na związku między Tsuneo i Josee. Tsuneo jest studentem uniwersytetu, a Josee to młoda dziewczyna, która rzadko wychodzi sama z domu, ponieważ jeździ na wózku inwalidzkim. Tsuneo po raz pierwszy spotyka dziewczynę, gdy Josee i jej babcia wybierają się razem na poranny spacer.",https://image.tmdb.org/t/p/w500/93duoBjcJEgQHVSTUNvl9ULiXoZ.jpg,
666,Dworzec nadziei (1998),Drama,1998,8.1,1009,2.06,"Film psychologiczno-obyczajowy. Rio de Janeiro, czasy współczesne: 50-letnia kobieta przed dworcem kolejowym pisuje odpłatnie listy dla analfabetów. Pewnego dnia jej klientka, matka 9-latka, która prosi o napisanie listu do dawno niewidzianego męża, ginie w wypadku drogowym. Wzruszającą opowieść o przyjaźni emerytowanej nauczycielki z małym osieroconym chłopcem, która na zawsze odmieniła ich życie.",https://image.tmdb.org/t/p/w500/qfyWFhUhqeNRU9HmCaBDAxVKRZ9.jpg,
1139087,Było sobie studio (2023),Animation|Family|Fantasy|Comedy,2023,8.28,414,2.03,Bohaterowie animowanych filmów Disneya spotykają się z okazji 100. rocznicy.,https://image.tmdb.org/t/p/w500/3fKg8REDQgP1gVl9rNCDGl9ty46.jpg,
667257,Cosas imposibles (2021),Family|Drama,2021,8.4,418,2.03,,https://image.tmdb.org/t/p/w500/eaf7GQj0ieOwm08rrvjJQNbN0kN.jpg,
572154,Rascal Does Not Dream of a Dreaming Girl (2019),Animation|Romance|Drama|Fantasy,2019,8.24,573,2.0,"Kiedy relacja Mai i Sakuty staje się coraz bliższa, w jego życiu niespodziewanie pojawia się starsza wersja jego pierwszej miłości – Shoko. Jej obecność przynosi ze sobą tajemnicze i bolesne wydarzenia, które zmuszą Sakutę do stawienia czoła przeszłości i podjęcia niemożliwego wyboru, by ochronić tych, których kocha.",https://image.tmdb.org/t/p/w500/2Tpyv4cwwyE2xV9bqx7DOWnUCZ5.jpg,
24188,Fanfaron (1962),Drama|Comedy|Adventure,1962,8.22,818,1.93,W dniu włoskiego święta Ferragosto hedonista z Rzymu zabiera nieśmiałego studenta prawa na przejażdżkę po malowniczych terenach Lacjum i Toskanii.,https://image.tmdb.org/t/p/w500/9vumJKydNxcFtcFNYPIvFeHXVBQ.jpg,
1026227,Jutro będzie nasze (2023),Drama|Comedy|History,2023,8.09,1477,1.93,"W powojennych Włoszech rodzina typowej gospodyni domowej Delii jest w chaosie z powodu zbliżających się zaręczyn ukochanej pierworodnej Marcelli. Nadejście tajemniczego listu sprawi jednak, że Delia odważy się stawić czoła znęcającemu się nad nią mężowi i wyobrazić sobie lepszą przyszłość.",https://image.tmdb.org/t/p/w500/hc9SHN0vB6iyr6MBYI6bKrpDHvJ.jpg,
10098,Brzdąc (1921),Comedy|Drama,1921,8.14,2290,1.91,"Włóczęga znajduje podrzucone niemowlę, którego na próżno stara się pozbyć. Pięć lat później stanowią jedno serce i jedną duszę - chłopiec przejął aż do najdrobniejszego szczegółu nawyki swego opiekuna. Jeden kryje drugiego. Ale szczęście nie trwa długo, ponieważ matka, która tymczasem stała się sławną aktorką, chce odebrać dziecko. Charles próbuje pocieszać się marzeniem, ale rzeczywistość staje się nieomal piękniejsza od marzeń: matka przyjeżdża po dziecko i.. ojca, który przecież należy do szczęśliwej rodziny.",https://image.tmdb.org/t/p/w500/chug6rPr31dKnwkEZmxt1rCqRWy.jpg,
755812,Świat Miraculum: Zjednoczeni herosi w Nowym Jorku (2020),Animation|TV Movie|Fantasy|Action,2020,8.1,1121,1.81,"Klasa Marinette z okazji „Tygodnia przyjaźni francusko-amerykańskiej” udaje się do Nowego Jorku. Bohaterowie na miejscu poznają amerykańskich superbohaterów, których będą musieli ocalić przed zaakumowanym super-złoczyńcą. Biedronka i Czarny Kot odkryją wtedy, że Miraculum istnieją również w Stanach Zjednoczonych.",https://image.tmdb.org/t/p/w500/xtDCsOxfSwMl9eU6LTHoDpp7A1L.jpg,
55823,La grande guerra (1959),Comedy|War|Drama,1959,8.1,363,1.8,,https://image.tmdb.org/t/p/w500/yo9ZHhIKRN5oXxP4YUnGuFa5JKL.jpg,
20941,Głosy Niewinności (2005),Drama|War,2005,8.16,509,1.77,"Akcja filmu Luisa Mandokiego rozgrywa się w latach 80. podczas wojny domowej w Salvadorze. Regularna armia walczy z partyzantami, a Chava i jego koledzy boją się mieć 12 lat, bo wtedy zostaną wcieleni do wojska. Wszelkimi sposobami starają się uchronić przed losem, choć wiedzą, że pewnego dnia trzeba będzie stanąć po którejś stronie barykady. Mieszkańcy ubogiej wioski kryją się przed ostrzałem w domach z tekturowymi ścianami. Za tarcze służą im materace. Mężczyźni uciekając przed wojskiem, opuścili swoje rodziny, niektórzy zostali partyzantami.",https://image.tmdb.org/t/p/w500/4n17GclsQnAMr8zGDFc22ZlGocU.jpg,
705,Wszystko o Ewie (1950),Drama,1950,8.07,1643,1.71,"Klasyczna opowieść o niespełnionej ambicji, sławie i miłości. Margo Channing (Bette Davis) jest wielką gwiazdą Broadwayu. Ma ugruntowaną, niczym niezagrożoną pozycję, wielu przyjaciół i mężczyznę, który ją kocha. Tymczasem Eva (Anne Baxter) jest kobietą żyjącą w cieniu Margo. Na pozór miła i nieśmiała w rzeczywistości knuje intrygę, dzięki której ma zajść na sam szczyt. Jednak los szykuje dla niej niespodziankę...",https://image.tmdb.org/t/p/w500/blBzZaatPWVuWpXEnPscMA4Xp6m.jpg,
610892,Violet Evergarden: Wieczność i Lalka spisująca myśli (2019),Drama|Fantasy|Animation,2019,8.1,435,1.7,"Zakończona przed laty Wielka Wojna wpłynęła nie tylko na panujące w Leidenschaftlich układy militarne i polityczne, ale jak każdy konflikt na dużą skalę, najsilniej odcisnęła swoje piętno na codzienności ludności cywilnej. Jedną z takich pośrednich ofiar była Amy Bartlett – młodociana włóczęga o niejasnej przeszłości, której i tak już beznadziejna sytuacja uległa pogorszeniu wskutek wojennego kryzysu. Fatalne warunki życia nie zdołały jednak zabić w zdeterminowanej nastolatce ludzkich odruchów. Gdy pewnego dni natknęła się ona w slumsach na osieroconą dziewczynkę, postanowiła nadać jej imię Taylor i zająć się nią jak siostrą – trochę ze współczucia, trochę z potrzeby bliskości, a trochę z przekory i chęci postawienia się losowi. Kiedy jednak mimo zamieszkiwania pustostanów i żywienia się odpadkami dziewczynom udało się stworzyć silną relację, na przeszkodzie stanęło zakończenie wojny.",https://image.tmdb.org/t/p/w500/hfUMPxcN9AGgOYRQNsN8tpVMExI.jpg,
399106,Pisklak (2016),Family|Animation,2016,8.15,1700,1.69,"Głodne pisklę brodźca po raz pierwszy opuszcza gniazdo, by samodzielnie poszukać jedzenia na brzegu morza. Problem stanowi dla niego fakt, że pokarm zakopany jest w piasku, który co chwilę przykrywają groźne fale.",https://image.tmdb.org/t/p/w500/1DNndXCsZic0fUr5daoZiMpKWp7.jpg,
470044,"Nienawiść, którą dajesz (2018)",Crime|Drama,2018,8.09,2194,1.66,"Starr Carter nieustannie balansuje między dwoma światami: biedną, w przeważającej części czarną dzielnicą, w której mieszka a bogatą, w większości białą szkołą, do której uczęszcza. Chwiejna równowaga między tymi światami zostaje nieodwołalnie zakłócona, gdy Starr staje się świadkiem, jak policjant śmiertelnie rani jej najlepszego przyjaciela z dzieciństwa, Khalila. W obliczu presji ze strony społeczności, Starr musi odnaleźć swój własny głos i stanąć w obronie wszystkiego, co uważa za słuszne.",https://image.tmdb.org/t/p/w500/kt7pI6rBlrFIMig38Q6eNHiIdfL.jpg,
1058694,Radykalna metoda (2023),Drama,2023,8.35,485,1.49,"Uczniowie szkoły podstawowej w przygranicznym meksykańskim miasteczku nie radzą sobie dobrze z nauką. Znany jest im świat pełen przemocy, korupcji i pogardy. Nie mają praktycznie żadnych perspektyw. Nowy nauczyciel Sergio Juarez (Eugenio Derbez), kreatywny idealista, postanawia wyprowadzić ich na prostą. Sięga po niekonwencjonalne metody, ale niczego się nie boi.",https://image.tmdb.org/t/p/w500/eSatbygYZp8ooprBHZdb6GFZxGB.jpg,
630566,Chmury (2020),Music|Drama|Romance,2020,8.24,1040,1.48,"Młody muzyk dowiaduje się, że z powodu choroby zostało mu kilka miesięcy życia. Tworzy więc album muzyczny, który wkrótce staje się viralem.",https://image.tmdb.org/t/p/w500/d0OdD1I8qAfETvE9Rp9Voq7R8LR.jpg,
20532,Zarządca Sansho (1954),Drama,1954,8.1,411,1.47,,https://image.tmdb.org/t/p/w500/1k6SXLVWLzOky2YyxI1jzPc1MnF.jpg,
20334,Sklep na rogu (1940),Comedy|Drama|Romance,1940,8.09,804,1.44,"Któregoś dnia do sklepu, w którym pracuje Alfred przychodzi Klara Novak, poszukująca pracy. Od początku tych dwoje nie darzy się sympatią - docinają sobie i dokuczają ile mogą. Oboje mają jednak pewien sekret : korespondują z nieznajomą osobą, 'drogim przyjacielem'....Pewnego dnia umawiają się ze swoimi listownymi znajomymi w kawiarni...",https://image.tmdb.org/t/p/w500/dZ1aEzGYRiqJwPfjS6VL7wUkHmF.jpg,
3780,Rudobrody (1965),Drama,1965,8.1,392,1.34,"Rudobrody, to lekarz z kliniki dla ubogich do której zostaje skierowany młody lekarz Yasumoto. Początkowo Yasumoto lekceważy swojego szefa i pracę w jego klinice. W miarę upływu czasu zaczyna widzieć, że Rudobrody jest świetnym lekarzem całkowicie poświęcającym się swojej pracy i pacjentom.",https://image.tmdb.org/t/p/w500/mXOpRal1ZlTpWL3Y6cShXZYIZgo.jpg,
313106,Doctor Who: Dzień Doktora (2013),Sci-Fi|Adventure,2013,8.19,765,1.33,"Rocznicowy odcinek, trwającego 50 lat serialu Science-Fiction. Tym razem trzej Doktorzy (David Tennant, Matt Smith i Jon Pertwee) próbują zmienić bieg zdarzeń. Mogą ocalić Władców Czasów, a wtedy ich odwieczne zmartwienie, spalenie Gallifrey zostanie zażegnane. Wspólnie wypełniają powinności Doktora, próbując nie tylko uratować to co zniszczyli w przeszłości, lecz także, uwolnić Londyn spod władzy obcych z galaktyki. Pomagają im przy tym, towarzyszka Doktora (Jenna-Louise Coleman) i grana jako głos sumienia (Billie Piper). Czy siła trzech Doktorów sprawi, że ich rodzima planeta wygra z Dalekami?",https://image.tmdb.org/t/p/w500/6c0CjymaupC5xerJCemuaSV4CLj.jpg,
282848,Doctor Who: The Time of the Doctor (2013),Drama|Sci-Fi|TV Movie,2013,8.09,307,1.02,,https://image.tmdb.org/t/p/w500/7blrzLLfj34vV45HYmPccvhNSRZ.jpg,
568332,Taylor Swift: Reputation Stadium Tour (2018),Music,2018,8.24,419,0.89,"The 1989 World Tour – czwarta trasa koncertowa amerykańskiej piosenkarki i autorki tekstów Taylor Swift w ramach promocji jej piątego albumu studyjnego, 1989 (2014), która rozpoczęła się 5 maja 2015 roku w Tokio w Japonii, natomiast jej zakończenie miało miejsce 12 grudnia 2015 roku w Melbourne w Australii. Było to wcześniej najlepiej sprzedające się tournée w karierze Swift, które w tym przypadku wyprzedało 2,28 mln biletów wraz z przychodem wynoszącym 285,7 mln dolarów, najpopularniejsze w 2015 r., a także zostało ono pozytywnie przyjęte przez krytyków muzycznych, popierając jej indywidualność sceniczną i umiejętność intymnego kontaktu z widownią",https://image.tmdb.org/t/p/w500/u6oXUTtOuJRPdUgUuPAVVJPSKCo.jpg,
654299,Como caído del cielo (2019),Comedy|Drama|Music,2019,8.25,374,0.85,,https://image.tmdb.org/t/p/w500/xg6QZdlHrq2dtSK8cfnQQMnmpeY.jpg,
26451,Śledztwo w sprawie obywatela poza wszelkim podejrzeniem (1970),Drama|Thriller,1970,8.16,848,0.8,"Inspektor policji ma młodą kochankę, Augustę, która zdradza jego z młodym anarchistą Antonio. Podczas kolejnego spotkania Augusta śmieje się, że nawet gdyby inspektor ją zamordował, nikt by go nie podejrzewał. Inspektor rozzłoszczony jej kpinami z jego głupoty i ""sprawności"" korzysta z porady. Od tej pory stara się naprowadzić śledztwo na swój własny trop.",https://image.tmdb.org/t/p/w500/5eUBcyilUy0sy6AcqNpjgXQX4A4.jpg,
724089,Gabriel's Inferno: Part II (2020),Romance|Drama,2020,8.37,1535,0.72,"Profesor Gabriel Emerson w końcu poznaje prawdę o tożsamości Julii Mitchell, ale uświadamia sobie to o chwilę za późno. Julia ma dość czekania, aż szanowany specjalista od Dantego sobie o niej przypomni i nie chce mieć z nim nic więcej wspólnego. Czy Gabrielowi uda się odzyskać jej serce, zanim znajdzie miłość w ramionach innej osoby?",https://image.tmdb.org/t/p/w500/x5o8cLZfEXMoZczTYWLrUo1P7UJ.jpg,
644479,Dedicada A Mi Ex (2019),Drama|Comedy,2019,8.3,513,0.66,,https://image.tmdb.org/t/p/w500/xc4bTXVwYNXi10jG9dwcaYt5IpU.jpg,
24382,Sprawcy nieznani (1958),Comedy|Crime,1958,8.09,757,0.6,"Dante uczy pięciu złodziejaszków, jak powinien pracować wykwalifikowany złodziej-włamywacz. Młodzi postanawiają obrabować lombard. Niestety przez pomyłkę robią dziurę nie w tej ścianie, w której mieli i trafiają do...",https://image.tmdb.org/t/p/w500/q9c85xYn4NPLJzHcWtboMdYBxWe.jpg,
38288,"“I Corti” di Aldo, Giovanni e Giacomo (1996)",Comedy,1996,8.1,358,0.22,,https://image.tmdb.org/t/p/w500/y3hEulMYSTQuvmI5jBTyWrcvJQX.jpg,
12477,Grobowiec świetlików (1988),Animation|Drama|War,1988,8.44,6285,0.01,"Rozgrywająca się pod koniec II wojny światowej w Japonii historia 14-letniego chłopca i jego młodszej siostry, których rodzice zginęli podczas nalotu. Rodzeństwo jest zdane tylko na siebie, próbując przetrwać w świecie ogarniętym koszmarem wojny…",https://image.tmdb.org/t/p/w500/pc5mkSMjNrTXfR3zt2DHFE6PUXb.jpg,
92321,Hotarubi no Mori e (2011),Romance|Animation|Fantasy,2011,8.27,1191,0.0,"Nastoletnia Hotaru po raz kolejny udaje się na wakacje do dziadków na wieś. Góry, spokój, cisza – nuda, powiedzą niektórzy. Czegóż to dziewczyna z wielkiego miasta może szukać na prowincji? Powód jest całkiem prosty, ale i zrozumiały. Wszystko zaczęło się, gdy sześcioletnia Hotaru zabłądziła w lesie, w którym według lokalnych podań można spotkać youkai. Na ratunek przyszedł jej tajemniczy chłopak o imieniu Gin, noszący lisią maskę. Dziewczynka z miejsca zapałała do niego sympatią, jednak już na samym wstępie wybawca ostrzegł ją, by go nie dotykała, bo bezpośredni kontakt z człowiekiem sprawi, że chłopak zniknie. Czyżby Gin był youkai? Mniejsza o to, Hotaru znalazła niezwykłego przyjaciela, z którym zaczęła spędzać coraz więcej czasu. Skończyły się jednak wakacje, a kiedy przyszedł czas, żeby wracać do domu, dziewczynka obiecała, że wróci za rok. I faktycznie, oboje spotykają się ponownie każdego kolejnego lata.",https://image.tmdb.org/t/p/w500/679ZPF55mEPiHnzTIW1A5dmo7G2.jpg,
